Bootstrap,Index,Datetime,True,Pred,Low,High
1,0,2021-04-10,21.297,6.0,6.709507552492735,18.447681995395396
1,1,2021-04-11,17.888666666666666,6.0,6.1232260844656965,16.16288285522965
1,2,2021-04-12,9.697058823529412,6.0,6.15574093443305,8.881742253664616
1,3,2021-04-13,15.697916666666666,6.0,6.1408170100841595,13.18657711125038
1,4,2021-04-14,12.905833333333334,6.0,6.171407526788409,11.30580195928378
1,5,2021-04-15,18.7925,6.0,6.174062672816626,16.308752519903305
1,6,2021-04-16,32.88666666666666,6.0,6.149273222628778,29.293535009871164
1,7,2021-04-17,44.99,6.0,6.202638816833625,32.3258897713055
1,8,2021-04-18,9.345,6.0,6.218746543935699,8.712687690935674
1,9,2021-04-19,11.51125,6.0,6.165639939007873,10.096495932872983
1,10,2021-04-20,13.459583333333333,6.0,6.158987224956559,11.643822172664285
1,11,2021-04-21,12.206666666666663,6.0,6.1612352259336935,10.382327982721305
1,12,2021-04-22,15.179583333333332,6.0,6.151011636820047,13.04918730903057
1,13,2021-04-23,12.757916666666668,6.0,6.165415023730533,11.200428830511326
1,14,2021-04-24,17.6525,6.0,6.117410377973147,16.021551760366744
1,15,2021-04-25,7.543888888888889,6.0,6.022082502484267,6.5580146411727664
1,16,2021-04-26,8.23625,6.0,6.024917518564281,7.310595679123703
1,17,2021-04-27,10.655,6.0,6.156070164195104,9.280008405386265
1,18,2021-04-28,16.900000000000002,6.0,6.111520396913263,15.035534963345345
1,19,2021-04-29,14.24,6.0,6.14608932634533,12.303505375271252
2,0,2020-02-02,21.76391304347826,5.984930529524422,6.709080993934447,18.47436889461806
2,1,2020-02-03,18.96,5.984930529524422,6.10217617467339,16.359234103126596
2,2,2020-02-04,25.949444444444445,5.984930529524422,6.834487243934282,22.94284021302317
2,3,2020-02-05,23.48333333333333,5.984930529524422,6.821788211980613,22.271636614389816
2,4,2020-02-06,26.2825,5.984930529524422,6.884840465756076,23.69960769726915
2,5,2020-02-07,24.631666666666664,5.984930529524422,6.833468888140672,22.82093993531364
2,6,2020-02-08,24.995416666666667,5.984930529524422,6.833372633672639,22.817121485836388
2,7,2020-02-09,12.3975,5.984930529524422,6.12599101496854,10.344503425934246
2,8,2020-02-10,16.9025,5.984930529524422,6.09548827941807,14.864198412599718
2,9,2020-02-11,16.771666666666665,5.984930529524422,6.097340321976495,14.069455063170498
2,10,2020-02-12,15.959166666666668,5.984930529524422,6.1160612813680615,13.257166592106175
2,11,2020-02-13,24.449583333333333,5.984930529524422,6.81438493453396,22.83216259065583
2,12,2020-02-14,36.70944444444444,5.984930529524422,6.219682363804784,32.31776941795506
2,13,2020-02-15,46.05391304347826,5.984930529524422,6.219682363804784,32.32031577727176
2,14,2020-02-16,81.02,5.984930529524422,6.22210457342969,32.32031577727176
2,15,2020-02-17,52.22673913043478,5.984930529524422,6.22210457342969,32.32281390767564
2,16,2020-02-18,23.433478260869567,5.984930529524422,6.812118056740945,22.26342869124939
2,17,2020-02-19,6.0,5.984930529524422,6.0221899562736505,6.879821302194889
2,18,2020-02-20,25.173125,5.984930529524422,6.831848379908869,22.663205521048393
2,19,2020-02-21,23.07569293478261,5.984930529524422,6.82013736401957,20.419628930252507
2,20,2020-02-22,20.97826086956522,5.984930529524422,6.659443471986249,18.35781249193364
2,21,2020-02-23,19.0725,5.984930529524422,6.156376658328772,16.302470918512412
2,22,2020-02-24,22.437083333333334,5.984930529524422,6.854342993832363,20.316867891754132
2,23,2020-02-25,22.16583333333333,5.984930529524422,6.831901938947175,19.28265360886746
3,0,2021-06-12,12.675833333333337,7.279198369565217,12.50601640484175,13.450908260825523
3,1,2021-06-13,25.43125,7.279198369565217,24.57861039469611,25.522488945572064
3,2,2021-06-14,22.25791666666667,7.279198369565217,21.583465389593716,22.759175385753384
3,3,2021-06-15,26.39625,7.279198369565217,24.959804925043315,26.51561446063468
3,4,2021-06-16,9.989999999999998,7.279198369565217,9.895866996956798,12.490180086491307
3,5,2021-06-17,16.654545454545453,7.279198369565217,16.611887689971258,17.454707037971772
3,6,2021-06-18,14.481818181818182,7.279198369565217,14.36318682557143,14.727740009654608
3,7,2021-06-19,14.61875,7.279198369565217,14.369983264190147,14.727533917448806
3,8,2021-06-20,12.166666666666666,7.279198369565217,12.46799081402813,13.14265346551313
3,9,2021-06-21,7.198333333333333,7.279198369565217,6.952300994580832,12.155428826475061
3,10,2021-06-22,7.517499999999999,7.279198369565217,7.352375109002141,12.031959401259906
3,11,2021-06-23,7.394583333333333,7.279198369565217,7.3500562677518975,12.050200079981048
3,12,2021-06-24,9.405833333333334,7.279198369565217,8.84136314597496,12.147525907595975
3,13,2021-06-25,10.53625,7.279198369565217,10.034096357365902,12.493908076553206
3,14,2021-06-26,7.405833333333334,7.279198369565217,7.134885930463043,11.935245573128194
3,15,2021-06-27,33.806,7.279198369565217,29.61659103079873,33.307930249069926
3,16,2021-06-28,6.0,7.279198369565217,5.976179463742544,11.879936759018014
3,17,2021-06-29,9.142105263157896,7.279198369565217,8.824923147125645,12.113201603532639
3,18,2021-06-30,9.666818181818185,7.279198369565217,9.120534266470242,12.114402447707802
3,19,2021-07-01,9.234210526315788,3.583388655486934,8.822985470777434,12.114402447707802
4,0,2020-10-21,14.475416666666668,6.278775510204084,6.052807296515277,12.63941518542672
4,1,2020-10-22,11.268571428571429,6.278775510204084,6.0895350682965965,9.924455493778623
4,2,2020-10-23,11.205,6.278775510204084,6.109625422576617,9.80996663366439
4,3,2020-10-24,13.516666666666666,6.278775510204084,6.081483298162964,11.585563508284475
4,4,2020-10-25,19.49,6.278775510204084,6.145404194575116,17.27340947165382
4,5,2020-10-26,11.78181818181818,6.278775510204084,6.112076601067386,10.203716958904279
4,6,2020-10-27,6.0,6.278775510204084,6.0147745996488595,9.329323242349018
4,7,2020-10-28,7.165833333333333,6.278775510204084,6.015279648010891,6.811982043432647
4,8,2020-10-29,7.1554166666666665,6.278775510204084,6.015086131968294,6.8069156608447745
4,9,2020-10-30,10.91125,6.278775510204084,6.100960777526996,9.48993502866349
4,10,2020-10-31,8.539166666666667,6.278775510204084,6.052808589142596,8.198624623231394
4,11,2020-11-01,9.0725,6.980182159761872,6.111245433186022,8.19892883793869
4,12,2020-11-02,9.501666666666669,6.980182159761872,6.178482067414238,8.697524197251497
4,13,2020-11-03,8.255454545454546,6.980182159761872,6.0237386490217295,7.389881509410122
4,14,2020-11-04,6.878260869565217,6.980182159761872,6.01351898045325,6.630272451152722
4,15,2020-11-05,11.41625,6.980182159761872,6.108142860269548,9.869931292913511
4,16,2020-11-06,8.192083333333334,6.980182159761872,6.021335759683993,7.316480665854506
4,17,2020-11-07,9.265416666666669,6.980182159761872,6.11751540926651,8.157473799852612
4,18,2020-11-08,7.674166666666667,6.980182159761872,6.018417522797442,7.316478213816351
4,19,2020-11-09,6.9070833333333335,6.980182159761872,6.015652741336852,6.59701945280073
4,20,2020-11-10,11.475,6.980182159761872,6.114321058337174,9.872091596989979
4,21,2020-11-11,9.414583333333333,6.980182159761872,6.106666376440977,8.68807550010817
4,22,2020-11-12,9.46125,6.980182159761872,6.178935824478626,8.688436986012286
4,23,2020-11-13,10.0925,6.980182159761872,6.095977533578746,9.049683227505403
5,0,2021-05-18,18.50708333333333,6.0,6.0770948968316825,16.088016667484553
5,1,2021-05-19,23.294166666666666,6.0,6.818782866046596,21.339734141894226
5,2,2021-05-20,25.53333333333333,6.0,6.833532484971082,22.705992230024528
5,3,2021-05-21,13.595,6.0,6.10747133844952,11.61303776228291
5,4,2021-05-22,10.357916666666666,6.0,6.113088886667069,9.058904388509802
5,5,2021-05-23,12.53125,6.0,6.105297479127445,10.698709351499632
5,6,2021-05-24,7.585833333333333,6.0,6.016783044856537,7.280863488635286
5,7,2021-05-25,17.025833333333335,6.0,6.069868355622512,15.159512957696935
5,8,2021-05-26,23.605416666666667,6.0,6.811442461240512,21.976026352493022
5,9,2021-05-27,33.19041666666667,6.0,6.127276704787514,29.29871608920282
5,10,2021-05-28,26.24708333333333,6.0,6.815375640827454,23.669022402823398
5,11,2021-05-29,8.168750000000001,6.0,6.057113019965933,7.279979385612115
5,12,2021-05-30,13.167083333333332,6.0,6.10801837003289,11.391946322594436
5,13,2021-05-31,21.175416666666667,6.0,6.639164268682623,18.306209558016842
5,14,2021-09-01,30.63083333333333,5.737810814552244,6.099395029260851,27.04074818212401
5,15,2021-09-02,52.50333333333333,5.737810814552244,6.117103718432275,33.29598317276418
5,16,2021-09-03,25.46625,5.737810814552244,6.598945214994456,23.68898689733271
5,17,2021-09-04,10.536666666666669,5.737810814552244,6.094844886856859,9.104163594932796
5,18,2021-09-05,7.199583333333333,5.737810814552244,6.01141881896607,6.7246202083503634
5,19,2021-09-06,9.757083333333334,5.737810814552244,6.094989843186944,8.898002406002401
5,20,2021-09-07,8.708333333333334,5.737810814552244,6.060827227676096,8.335042644836165
