datetime,y_true,y_pred,y_lo,y_hi
2020-01-01 00:00:00-03:00,23.741304347826084,14.606207780213534,7.6028101273427495,29.080222018373448
2020-01-02 00:00:00-03:00,13.910416666666668,14.606207780213534,9.24525722542861,28.038422780371107
2020-01-03 00:00:00-03:00,16.97952380952381,14.606207780213534,9.115738893018653,27.847757715180308
2020-01-04 00:00:00-03:00,17.307916666666667,14.606207780213534,9.184089787590551,23.834823384783043
2020-01-05 00:00:00-03:00,14.810833333333331,14.606207780213534,9.912043128294835,24.31930008628583
2020-01-06 00:00:00-03:00,19.735416666666666,14.606207780213534,10.340029828027806,25.222844704433513
2020-01-07 00:00:00-03:00,23.75958333333333,16.57299242424243,7.718030326814427,29.865850499376926
2020-01-08 00:00:00-03:00,27.78,17.70089573268921,10.153040521758362,33.27963464872882
2020-01-09 00:00:00-03:00,31.55260869565217,22.35798289028391,13.861044529653714,37.262802698206386
2020-01-10 00:00:00-03:00,28.52588235294117,22.35798289028391,13.317958471232817,42.842858786058244
2020-01-11 00:00:00-03:00,11.743478260869566,17.70089573268921,7.569316841958541,31.74716066129688
2020-01-12 00:00:00-03:00,15.27375,14.606207780213534,10.807266682718641,30.382776348003397
2020-01-13 00:00:00-03:00,30.449583333333333,16.57299242424243,12.224782787888763,35.93845171180011
2020-01-14 00:00:00-03:00,29.18125,21.461643169664562,13.170045732689111,34.6720112247966
2020-01-15 00:00:00-03:00,35.09458333333333,25.90078301127214,12.437458045653926,42.132040248906996
2020-01-16 00:00:00-03:00,16.586666666666666,21.461643169664562,12.134087036865097,37.66067892217971
2020-01-17 00:00:00-03:00,25.203333333333333,21.461643169664562,12.874632296503652,33.03278768339375
2020-01-18 00:00:00-03:00,28.884545454545457,21.461643169664562,13.214003094682269,34.37253848653329
2020-01-19 00:00:00-03:00,28.409836627140976,22.35798289028391,16.040562484315608,37.67711911399393
2020-01-20 00:00:00-03:00,27.9351277997365,22.35798289028391,16.544771657953987,36.041869292045995
2020-02-02 00:00:00-03:00,21.76391304347826,20.10493634586026,13.833854552080668,29.69146733093126
2020-02-03 00:00:00-03:00,18.96,20.10493634586026,13.98312006745398,30.005625323542358
2020-02-04 00:00:00-03:00,25.949444444444445,20.10493634586026,14.088559280613955,29.976865463502463
2020-02-05 00:00:00-03:00,23.48333333333333,20.10493634586026,13.703550270337642,29.393367451022108
2020-02-06 00:00:00-03:00,26.2825,21.994972592466016,11.335551185847796,30.668007333764816
2020-02-07 00:00:00-03:00,24.631666666666664,21.994972592466016,11.18594095188622,28.6578526532707
2020-02-08 00:00:00-03:00,24.995416666666667,21.994972592466016,11.406469743279395,29.022027394984082
2020-02-09 00:00:00-03:00,12.3975,18.375208333333333,8.214870948386984,26.85597982346977
2020-02-10 00:00:00-03:00,16.9025,14.167962962962964,12.736257519813728,25.083326181895163
2020-02-11 00:00:00-03:00,16.771666666666665,12.769583333333333,12.300642710672493,23.890683647436923
2020-02-12 00:00:00-03:00,15.959166666666668,14.167962962962964,11.850257750530755,24.043858369759192
2020-02-13 00:00:00-03:00,24.449583333333333,18.375208333333333,12.443719389068066,28.475552318035405
2020-02-14 00:00:00-03:00,36.70944444444444,21.994972592466016,12.998937154618185,40.749235162532344
2020-02-15 00:00:00-03:00,46.05391304347826,33.221873175269636,18.0529756934012,59.17876572352982
2020-02-16 00:00:00-03:00,56.59351600000002,54.4101275652174,18.798513293512734,60.496898714920064
2020-02-17 00:00:00-03:00,52.22673913043478,54.4101275652174,14.823334698695374,58.569325339315384
2020-02-18 00:00:00-03:00,23.433478260869567,33.221873175269636,14.82824191059356,58.569325339315384
2020-02-19 00:00:00-03:00,6.0,23.303749999999997,6.787548826595806,37.39896422329613
2020-02-20 00:00:00-03:00,25.173125,19.14828135783299,11.927453731579668,29.383418582567934
2020-02-21 00:00:00-03:00,23.07569293478261,19.14828135783299,14.990803669125148,29.23416567294203
2020-02-22 00:00:00-03:00,20.97826086956522,20.730172101449273,15.67078239968876,31.994294988502276
2020-02-23 00:00:00-03:00,19.0725,19.14828135783299,14.939925382706106,33.25013573339025
2020-02-24 00:00:00-03:00,22.437083333333334,18.375208333333333,14.593467446580634,28.995658577373277
2020-02-25 00:00:00-03:00,22.16583333333333,18.375208333333333,11.008233302267424,28.81477907397342
2020-02-26 00:00:00-03:00,15.2725,18.375208333333333,11.160180874167496,29.035846392990468
2020-02-27 00:00:00-03:00,26.95875,19.14828135783299,14.445136498092124,31.013070787343736
2020-02-28 00:00:00-03:00,45.88,23.303749999999997,16.384304935451553,49.83663100840916
2020-02-29 00:00:00-03:00,45.58246376811594,33.221873175269636,16.374030355651236,58.918495445574095
2020-03-01 00:00:00-03:00,45.28492753623188,32.190267796735974,20.510938635066232,55.01133690617855
2020-06-30 00:00:00-03:00,9.283043478260868,7.279198369565217,6.9654145531733205,30.21272546690501
2020-07-01 00:00:00-03:00,7.833749999999999,7.833749999999999,0.0,34.23638236083943
2020-07-02 00:00:00-03:00,11.968333333333334,10.24407346491228,2.993610357427329,43.40663479758874
2020-07-03 00:00:00-03:00,41.658125,21.526411395166498,7.04421094226293,45.7927800208696
2020-07-04 00:00:00-03:00,52.12800000000001,21.526411395166498,8.007116095842035,61.89134742186642
2020-07-05 00:00:00-03:00,59.41470588235294,28.66596662699821,2.855880919376144,60.99765242159556
2020-07-06 00:00:00-03:00,18.53458333333333,21.526411395166498,2.991243730571716,52.67369016287986
2020-07-07 00:00:00-03:00,8.451666666666666,21.526411395166498,0.6122981814443396,43.44032440238746
2020-07-08 00:00:00-03:00,6.0,6.0,0.0,32.3953214639361
2020-07-09 00:00:00-03:00,13.77375,10.24407346491228,4.28511582134899,45.533699483564
2020-07-10 00:00:00-03:00,45.96153846153846,21.526411395166498,10.351411745614945,50.106167233502255
2020-07-11 00:00:00-03:00,40.915454545454544,21.526411395166498,4.328250086873281,48.35879893177333
2020-07-12 00:00:00-03:00,17.935,21.526411395166498,4.317549802035529,54.61830537632281
2020-07-13 00:00:00-03:00,22.136666666666667,21.526411395166498,8.640298706678399,38.01327654823435
2020-07-14 00:00:00-03:00,20.47958333333333,21.526411395166498,8.419196828726575,47.25352879289356
2020-07-15 00:00:00-03:00,62.34357142857142,21.526411395166498,10.862511430606988,66.49912215392523
2020-07-16 00:00:00-03:00,37.3535,21.526411395166498,10.858170105959493,64.9406918706313
2020-07-17 00:00:00-03:00,40.13,45.91220303030303,31.02525373020294,49.01214031386112
2020-07-18 00:00:00-03:00,48.234,47.78217857142857,33.86385496735595,54.402434280794644
2020-07-19 00:00:00-03:00,50.65714285714286,47.78217857142857,39.63171349275149,59.382101077683295
2020-07-20 00:00:00-03:00,58.4625,58.4625,43.91705692663319,77.79838212379812
2020-07-21 00:00:00-03:00,77.71264200000005,67.12265433333334,44.45908663560443,80.18646879521935
2020-07-22 00:00:00-03:00,56.53266666666666,67.12265433333334,43.99417696412552,77.81294122358703
2020-07-23 00:00:00-03:00,42.3535,47.78217857142857,30.502051214410514,59.99963975909672
2020-07-24 00:00:00-03:00,38.51166666666666,40.547663690476185,28.372785935777962,44.229676176268526
2020-07-25 00:00:00-03:00,10.871666666666668,21.526411395166498,1.0796185384742714,16.628572069375966
2020-07-26 00:00:00-03:00,18.941666666666663,21.526411395166498,9.962317647835162,23.089569031684672
2020-07-27 00:00:00-03:00,37.9925,33.38264705882353,29.03519612415525,42.29332956184809
2020-07-28 00:00:00-03:00,16.521666666666665,21.526411395166498,7.54347554686383,20.668300937149258
2020-07-29 00:00:00-03:00,16.374583333333334,21.526411395166498,7.127997864202401,21.03056351168919
2020-07-30 00:00:00-03:00,20.81375,21.526411395166498,10.91480562224705,24.95399707910956
2020-07-31 00:00:00-03:00,21.261666666666667,21.526411395166498,11.33423278593259,25.411080681597674
2020-08-01 00:00:00-03:00,22.83333333333333,20.302499999999995,19.057709830197208,25.487510933976314
2020-08-02 00:00:00-03:00,33.99583333333333,34.04541666666667,29.098466348445914,38.756777027522304
2020-08-03 00:00:00-03:00,49.17250000000001,48.67847222222222,42.645898529776254,54.342598147827516
2020-08-04 00:00:00-03:00,50.23708333333334,49.048541666666665,45.29232015417681,55.1207829551085
2020-08-05 00:00:00-03:00,47.86,49.048541666666665,40.19559386588576,55.92604628105031
2020-08-06 00:00:00-03:00,33.7975,39.52245126705653,28.372199729771175,39.059557149608594
2020-08-07 00:00:00-03:00,39.22789473684211,39.52245126705653,35.85961875819721,42.8066733007794
2020-08-08 00:00:00-03:00,13.343157894736844,17.552631832449478,10.16122869722031,16.380547148089
2020-08-09 00:00:00-03:00,26.00470588235294,25.486426032913165,22.30833160580574,29.15444082166695
2020-08-10 00:00:00-03:00,28.1495,25.486426032913165,22.739690694103594,30.803784948312035
2020-08-11 00:00:00-03:00,20.65458333333333,20.345119047619047,17.06170019055917,23.308904718069158
2020-08-12 00:00:00-03:00,7.367083333333333,10.444901515151516,4.239812397618245,13.010668481427748
2020-08-13 00:00:00-03:00,7.31,8.749791666666665,4.18779902066168,13.334622403570814
2020-08-14 00:00:00-03:00,7.497391304347826,6.934383702756466,4.166576486294472,13.437293798438706
2020-08-15 00:00:00-03:00,10.189583333333331,8.749791666666665,6.179206959357712,13.824872821264682
2020-08-16 00:00:00-03:00,12.977916666666667,9.248253921568628,9.859497402995565,15.616728321331031
2020-08-17 00:00:00-03:00,15.833333333333334,14.306703286749483,12.708167423165873,18.51199949478609
2020-08-18 00:00:00-03:00,20.485,17.552631832449478,17.34525129904243,23.58254389535674
2020-08-19 00:00:00-03:00,9.1385,9.248253921568628,6.0169764489196,13.556807909172571
2020-08-20 00:00:00-03:00,9.710909090909093,10.444901515151516,6.589211015248228,14.481494224599226
2020-08-21 00:00:00-03:00,17.165,17.165,14.046539211456532,19.839868048667388
2020-08-22 00:00:00-03:00,23.200416666666666,20.345119047619047,18.61522813351103,25.85486081857119
2020-08-23 00:00:00-03:00,19.4025,17.872395833333332,16.283877358617985,22.056809097613577
2020-08-24 00:00:00-03:00,9.9285,10.444901515151516,6.261621434143656,14.04925664112953
2020-08-25 00:00:00-03:00,15.252,14.306703286749483,12.122505329857432,17.91103558740085
2020-08-26 00:00:00-03:00,22.720625,17.552631832449478,18.716293516354963,25.374410444168124
2020-08-27 00:00:00-03:00,18.528526785714284,17.552631832449478,15.104375227702187,21.548144141787578
2020-08-28 00:00:00-03:00,14.336428571428572,14.306703286749483,10.588716823510119,16.98691523095312
2020-08-29 00:00:00-03:00,19.55130434782609,17.552631832449478,16.429909309136367,23.191746367959933
2020-08-30 00:00:00-03:00,15.124927536231883,14.306703286749483,11.35725784846557,17.786316540873507
2020-08-31 00:00:00-03:00,10.69855072463768,10.69855072463768,7.580045536689163,13.84467377010502
2020-09-01 00:00:00-03:00,6.272173913043478,9.456585144927535,2.5666124931987633,12.236598111911249
2020-09-02 00:00:00-03:00,10.058333333333332,9.456585144927535,6.308309114681803,14.108691491508505
2020-09-03 00:00:00-03:00,11.0475,9.791845238095236,7.26630497449538,14.37738726045131
2020-09-04 00:00:00-03:00,8.256153846153847,9.442749569271308,4.548858817006346,13.000729544111078
2020-09-05 00:00:00-03:00,6.910869565217391,7.9083552855924975,3.1990329888073954,11.405056424616888
2020-09-06 00:00:00-03:00,6.0,6.42625,2.2882105749056394,10.96845354722597
2020-09-07 00:00:00-03:00,6.8525,6.42625,2.967714380557299,11.346449839291019
2020-09-08 00:00:00-03:00,6.0,6.0,2.295095334702037,10.74155215146497
2020-09-09 00:00:00-03:00,8.231666666666667,7.9083552855924975,3.6143093917586344,11.361821163226805
2020-09-10 00:00:00-03:00,10.341904761904765,8.825300207039339,6.168012862163126,13.52761188922992
2020-09-11 00:00:00-03:00,7.988823529411765,7.9083552855924975,4.2828807933993005,11.788685145876585
2020-09-12 00:00:00-03:00,10.743913043478262,9.442749569271308,6.948146967390835,14.220371808659328
2020-09-13 00:00:00-03:00,13.5225,11.306419082125606,9.817339550597982,17.01621828296116
2020-09-14 00:00:00-03:00,7.825,9.038910256410256,4.120085791056091,11.908047237342565
2020-09-15 00:00:00-03:00,9.328181818181818,9.442749569271308,5.6228170085658284,13.218444158278428
2020-09-16 00:00:00-03:00,11.45125,9.456585144927535,7.662320127774471,14.631470443543828
2020-09-17 00:00:00-03:00,11.293333333333337,9.791845238095236,7.588817723896943,14.98563860420089
2020-09-18 00:00:00-03:00,16.24909090909091,14.543214646464644,12.50248865893942,20.91323327054794
2020-09-19 00:00:00-03:00,22.752916666666668,19.297001968442185,18.56495948869695,28.762384605423435
2020-09-20 00:00:00-03:00,11.959583333333333,14.543214646464644,8.074723082474694,16.97212566191572
2020-09-21 00:00:00-03:00,15.60375,15.60375,11.892586094667775,20.961971952707334
2020-09-22 00:00:00-03:00,13.333888888888888,14.543214646464644,9.620421080678536,18.045450000252423
2020-09-23 00:00:00-03:00,22.42304347826087,19.297001968442185,18.724077306260078,28.81376136279575
2020-09-24 00:00:00-03:00,27.7625,27.7625,22.793283812481135,34.43719674338302
2020-09-25 00:00:00-03:00,18.55666666666667,22.773757970865116,14.653680017759502,26.367184272395853
2020-09-26 00:00:00-03:00,18.881666666666668,19.297001968442185,15.173620205929403,22.84678361641007
2020-09-27 00:00:00-03:00,10.560416666666669,14.543214646464644,6.852053710281911,16.121416443933747
2020-09-28 00:00:00-03:00,7.245833333333334,9.791845238095236,3.540926129254609,13.375154554860094
2020-09-29 00:00:00-03:00,10.129166666666666,9.791845238095236,6.41390587101958,13.666113553577436
2020-09-30 00:00:00-03:00,16.9425,14.543214646464644,12.816902692795257,21.614185672526283
2020-10-01 00:00:00-03:00,9.294285714285715,11.00577380952381,6.676660622241123,13.562697437149064
2020-10-02 00:00:00-03:00,12.105454545454544,12.422537878787878,9.491253894997035,15.725322880012069
2020-10-03 00:00:00-03:00,6.58625,8.225208333333335,3.9687711125065723,10.753642285715062
2020-10-04 00:00:00-03:00,6.0,6.833194444444445,3.3825882965400744,11.09762945830709
2020-10-05 00:00:00-03:00,7.344166666666666,6.833194444444445,4.700094051969002,10.238449744161251
2020-10-06 00:00:00-03:00,6.335416666666667,6.335416666666667,3.6073381853939344,10.305673838115979
2020-10-07 00:00:00-03:00,9.864166666666668,8.225208333333335,7.246572353447716,12.368649168448183
2020-10-08 00:00:00-03:00,10.732083333333334,9.145583333333335,8.115525282640267,13.46312891896727
2020-10-09 00:00:00-03:00,13.442083333333334,12.422537878787878,10.825085488409837,16.76069209957738
2020-10-10 00:00:00-03:00,11.837916666666668,11.707291666666666,8.889143008676003,15.044473241308108
2020-10-11 00:00:00-03:00,11.576666666666666,11.707291666666666,8.958739942484337,14.886491072751037
2020-10-12 00:00:00-03:00,16.39,13.885926870748298,13.769622738198287,21.09252788534451
2020-10-13 00:00:00-03:00,13.178999999999998,12.956625841750842,10.529695110763408,17.325673131567314
2020-10-14 00:00:00-03:00,13.130833333333332,12.956625841750842,10.509242687425392,17.6663938729137
2020-10-15 00:00:00-03:00,11.80125,12.422537878787878,9.183907993073408,15.87976135549459
2020-10-16 00:00:00-03:00,12.599166666666669,12.956625841750842,9.978961552398967,17.19095122755575
2020-10-17 00:00:00-03:00,15.76,13.885926870748298,13.13974866973878,20.52024380411028
2020-10-18 00:00:00-03:00,18.55333333333333,20.064799382716046,15.997038465044646,24.717510912913617
2020-10-19 00:00:00-03:00,26.034166666666668,26.034166666666668,23.40659499677142,32.81971050667434
2020-10-20 00:00:00-03:00,30.475454545454543,32.05981060606061,28.21827672828184,37.819466366712824
2020-10-21 00:00:00-03:00,14.475416666666668,21.791562499999998,11.829711727470443,22.277673972252018
2020-10-22 00:00:00-03:00,11.268571428571429,13.885926870748298,8.64712702041632,16.08656556395544
2020-10-23 00:00:00-03:00,11.205,12.956625841750842,8.585493615296807,14.993888327989325
2020-10-24 00:00:00-03:00,13.516666666666666,12.956625841750842,10.901129854469337,17.920402905534047
2020-10-25 00:00:00-03:00,19.49,20.064799382716046,16.865758027914435,25.543983487619222
2020-10-26 00:00:00-03:00,11.78181818181818,12.956625841750842,9.16407132345634,16.16882962454075
2020-10-27 00:00:00-03:00,6.0,9.145583333333335,3.3826078813250877,11.73719436373972
2020-10-28 00:00:00-03:00,7.165833333333333,7.109583333333333,4.548383992697417,10.592533908420153
2020-10-29 00:00:00-03:00,7.1554166666666665,6.833194444444445,4.540181908674089,10.401791679131538
2020-10-30 00:00:00-03:00,10.91125,9.145583333333335,8.207648523392585,13.410657245605298
2020-10-31 00:00:00-03:00,8.539166666666667,8.539166666666667,5.921576649080395,11.68017416425117
2020-11-01 00:00:00-03:00,9.0725,8.831041666666666,5.449847017758264,12.993940589123177
2020-11-02 00:00:00-03:00,9.501666666666669,8.831041666666666,5.879310270296784,13.73595039535106
2020-11-03 00:00:00-03:00,8.255454545454546,8.70036931818182,4.550883648207385,12.208632879541458
2020-11-04 00:00:00-03:00,6.878260869565217,7.511630434782608,3.2559655995607986,11.514463108325906
2020-11-05 00:00:00-03:00,11.41625,10.947083333333333,7.643890981085772,15.271296173789585
2020-11-06 00:00:00-03:00,8.192083333333334,8.70036931818182,4.56902575240256,12.480183089351694
2020-11-07 00:00:00-03:00,9.265416666666669,8.831041666666666,5.642630738315701,13.239272498378815
2020-11-08 00:00:00-03:00,7.674166666666667,7.674166666666667,4.017099181393544,11.896381542010017
2020-11-09 00:00:00-03:00,6.9070833333333335,6.9070833333333335,2.7920668664471955,10.960647899917271
2020-11-10 00:00:00-03:00,11.475,9.488958333333333,7.18823166344335,15.239519417305276
2020-11-11 00:00:00-03:00,9.414583333333333,8.831041666666666,5.79210453168286,13.501949700823767
2020-11-12 00:00:00-03:00,9.46125,10.319861111111111,5.838949128142373,13.87101352541863
2020-11-13 00:00:00-03:00,10.0925,10.319861111111111,6.232073899396179,13.965852095120795
2020-11-14 00:00:00-03:00,11.390416666666669,11.390416666666669,7.706885080755503,15.15931178409838
2020-11-15 00:00:00-03:00,14.112916666666663,11.999243827160493,10.2928341621619,18.04728312462069
2020-11-16 00:00:00-03:00,7.502916666666667,9.488958333333333,3.838755821479967,12.828238313032754
2020-11-17 00:00:00-03:00,8.185416666666667,8.831041666666666,4.438292592113763,12.326160747824645
2020-11-18 00:00:00-03:00,9.187083333333334,8.70036931818182,5.473254884055031,13.077848605452393
2020-11-19 00:00:00-03:00,8.2975,8.70036931818182,4.4790970929895195,12.308256098657052
2020-11-20 00:00:00-03:00,7.877916666666667,8.70036931818182,4.255378415620161,12.435344960100121
2020-11-21 00:00:00-03:00,8.145,7.511630434782608,4.245842462878512,11.984396641972285
2020-11-22 00:00:00-03:00,9.225,8.70036931818182,5.520222373767975,13.239986363453214
2020-11-23 00:00:00-03:00,11.405833333333334,10.319861111111111,7.210474026204116,15.174542464831125
2020-11-24 00:00:00-03:00,16.007916666666667,12.301805555555555,12.24826014725176,20.491029990550867
2020-11-25 00:00:00-03:00,25.277083333333334,22.640634920634916,21.65123396002714,32.792058457283034
2020-11-26 00:00:00-03:00,12.592916666666667,17.501180555555553,8.954487179516981,17.988136833970206
2020-11-27 00:00:00-03:00,9.475,12.301805555555555,5.852729621359005,15.937124180253035
2020-11-28 00:00:00-03:00,7.546666666666667,8.831041666666666,3.9241583893489014,12.535211363170463
2020-11-29 00:00:00-03:00,11.822916666666666,11.999243827160493,7.6633908279541085,16.216702171498163
2020-11-30 00:00:00-03:00,10.477916666666667,10.947083333333333,6.856038117882431,14.924026579573413
2020-12-01 00:00:00-03:00,16.372083333333332,13.993304924242427,12.666899586563655,21.490974201730573
2020-12-02 00:00:00-03:00,12.750833333333333,13.430555555555557,9.045820590623602,17.67559977753153
2020-12-03 00:00:00-03:00,7.448333333333333,8.63171633805037,3.719795077748474,13.149353173320252
2020-12-04 00:00:00-03:00,12.562857142857142,12.775823412698415,8.858724687400201,17.359136189151705
2020-12-05 00:00:00-03:00,10.134285714285712,8.63171633805037,6.321209621351353,14.453025900655932
2020-12-06 00:00:00-03:00,11.3975,11.341002278216953,7.694138498603148,16.12591520734012
2020-12-07 00:00:00-03:00,6.0,7.84951388888889,2.2958920544258223,11.867698184134014
2020-12-08 00:00:00-03:00,8.527916666666666,8.63171633805037,4.802448263267746,12.37883502248811
2020-12-09 00:00:00-03:00,9.75111111111111,8.63171633805037,5.740387437834211,13.602713956122944
2020-12-10 00:00:00-03:00,9.57181818181818,8.63171633805037,5.8072340602859684,13.421086670255061
2020-12-11 00:00:00-03:00,11.72375,11.341002278216953,7.838845433445106,15.688827566244418
2020-12-12 00:00:00-03:00,15.027500000000002,13.993304924242427,11.323369677694085,20.113751318984086
2020-12-13 00:00:00-03:00,16.596666666666668,14.947791666666665,12.890053527033057,21.894224427830252
2020-12-14 00:00:00-03:00,6.0,8.63171633805037,2.2957974996771773,13.233057939192232
2020-12-15 00:00:00-03:00,8.02764705882353,8.63171633805037,4.323538166364181,12.529381840002456
2020-12-16 00:00:00-03:00,9.59875,8.63171633805037,5.3222311123437445,13.450217748782244
2020-12-17 00:00:00-03:00,6.0,7.800625,2.295885381666281,11.185019267539996
2020-12-18 00:00:00-03:00,8.422083333333333,7.84951388888889,4.644938703363979,12.329564459793195
2020-12-19 00:00:00-03:00,7.947916666666667,7.84951388888889,3.840227360298189,11.782050487794455
2020-12-20 00:00:00-03:00,7.756666666666667,7.84951388888889,4.053683595299853,12.19954802920665
2020-12-21 00:00:00-03:00,8.050416666666667,7.84951388888889,4.233355924447241,11.901110770001164
2020-12-22 00:00:00-03:00,12.634583333333332,9.65712962962963,8.578596751854917,16.933606468410908
2020-12-23 00:00:00-03:00,12.40875,11.341002278216953,8.62978255502102,16.571943534912435
2020-12-24 00:00:00-03:00,13.8075,13.8075,9.938240115108371,17.6583715572925
2020-12-25 00:00:00-03:00,13.014166666666668,13.014166666666668,9.309869810629749,17.59571046841829
2020-12-26 00:00:00-03:00,8.832916666666668,9.65712962962963,5.129837737186805,13.687284087645727
2020-12-27 00:00:00-03:00,8.642083333333334,8.63171633805037,4.609515035569177,12.89828036581571
2020-12-28 00:00:00-03:00,6.272083333333334,7.800625,2.5686578924687993,11.378277459739973
2020-12-29 00:00:00-03:00,8.92,7.84951388888889,4.458269894071299,12.772466468802483
2020-12-30 00:00:00-03:00,9.664166666666668,8.63171633805037,5.667325964908845,13.66356482123514
2020-12-31 00:00:00-03:00,9.207083333333332,8.63171633805037,5.478952683385962,13.456241104959275
2021-01-01 00:00:00-03:00,10.094347826086956,9.531683135704874,5.4591558318351066,15.575788993446077
2021-01-02 00:00:00-03:00,7.573749999999999,7.27986111111111,3.1115613044431107,14.171172151824628
2021-01-03 00:00:00-03:00,10.80125,9.531683135704874,6.171831048844332,16.289104475389216
2021-01-04 00:00:00-03:00,10.303333333333333,9.531683135704874,5.841181433415162,15.829684300653712
2021-01-05 00:00:00-03:00,10.65125,10.493590909090909,6.126331835608861,16.241946537713847
2021-01-06 00:00:00-03:00,7.407083333333333,7.27986111111111,2.7377907833654147,13.269587043721929
2021-01-07 00:00:00-03:00,6.877916666666667,6.877916666666667,2.3960737356798605,13.348308381082285
2021-01-08 00:00:00-03:00,12.48375,10.493590909090909,7.650995438277155,18.16024304020067
2021-01-09 00:00:00-03:00,14.40125,14.40125,9.93944663726216,19.889043014286777
2021-01-10 00:00:00-03:00,12.7675,14.606207780213534,8.304735879576583,18.316798510410642
2021-01-11 00:00:00-03:00,32.62,25.90078301127214,27.529422423825146,39.10613434590832
2021-01-12 00:00:00-03:00,8.96391304347826,14.606207780213534,4.019734615821575,17.407862191050484
2021-01-13 00:00:00-03:00,10.84375,14.606207780213534,6.380089656064365,18.732859873218672
2021-01-14 00:00:00-03:00,11.025416666666668,11.025416666666668,6.536651915439837,17.13964345031895
2021-01-15 00:00:00-03:00,8.47125,9.531683135704874,4.0099070959075025,14.884952523910512
2021-01-16 00:00:00-03:00,9.16375,9.531683135704874,4.682179442701743,15.711334457283042
2021-01-17 00:00:00-03:00,15.145652173913044,14.606207780213534,10.235328164550117,21.05000300358855
2021-01-18 00:00:00-03:00,8.830454545454545,10.493590909090909,4.1444093288234445,14.620280948906348
2021-01-19 00:00:00-03:00,9.6725,10.493590909090909,5.2098378866968,15.669652316196943
2021-01-20 00:00:00-03:00,9.668333333333331,9.531683135704874,5.082785435734932,15.15441159493695
2021-01-21 00:00:00-03:00,9.32375,9.531683135704874,4.861709882623305,15.001622639757134
2021-01-22 00:00:00-03:00,6.636666666666667,6.636666666666667,1.909890597182538,13.487955339189304
2021-01-23 00:00:00-03:00,8.848695652173914,8.848695652173914,3.9680579208230427,14.3215734472386
2021-01-24 00:00:00-03:00,10.812083333333334,9.531683135704874,5.972572376236673,16.29920279157906
2021-01-25 00:00:00-03:00,10.83,10.493590909090909,6.177195314868049,16.406299671895685
2021-01-26 00:00:00-03:00,11.991818181818182,11.528522727272728,7.149762330669484,17.479233080581892
2021-01-27 00:00:00-03:00,11.906666666666666,11.528522727272728,7.299492263739031,17.426035961568097
2021-01-28 00:00:00-03:00,8.351666666666667,9.531683135704874,3.8895212374126906,14.641825349720943
2021-01-29 00:00:00-03:00,10.017083333333334,10.017083333333334,5.352032759588326,15.525451372606751
2021-01-30 00:00:00-03:00,6.858750000000001,7.27986111111111,2.3042513657729744,13.35838107454255
2021-01-31 00:00:00-03:00,8.972083333333332,8.972083333333332,4.409454629276414,14.44609281652521
2021-02-01 00:00:00-03:00,7.2175,6.822395833333333,2.9256039539476664,11.649671197622112
2021-02-02 00:00:00-03:00,15.9575,14.167962962962964,11.902268505911831,20.47765871336914
2021-02-03 00:00:00-03:00,10.925833333333332,10.61301690821256,6.868484538343738,15.584473766672202
2021-02-04 00:00:00-03:00,8.0475,9.615658761528326,3.9386179656100406,13.3361176713543
2021-02-05 00:00:00-03:00,8.086666666666668,8.086666666666668,3.7854257297104397,12.13353590713191
2021-02-06 00:00:00-03:00,10.257272727272728,9.615658761528326,6.20272355217366,14.747374393907355
2021-02-07 00:00:00-03:00,13.895,11.655833333333334,9.075143043273737,17.921315957812872
2021-02-08 00:00:00-03:00,9.029166666666669,9.615658761528326,4.924965300627935,13.476574567977307
2021-02-09 00:00:00-03:00,10.678,10.61301690821256,6.625281641594064,15.149873950759062
2021-02-10 00:00:00-03:00,11.128695652173912,9.615658761528326,6.8854781041260615,15.119298213839423
2021-02-11 00:00:00-03:00,13.199166666666668,11.655833333333334,8.816744827759019,17.225802309005058
2021-02-12 00:00:00-03:00,14.827916666666669,14.167962962962964,10.179649543045217,19.125617009467284
2021-02-13 00:00:00-03:00,10.736666666666666,11.655833333333334,6.682072458851437,16.272293443535496
2021-02-14 00:00:00-03:00,10.235217391304348,10.61301690821256,6.133978261183444,15.722421641541851
2021-02-15 00:00:00-03:00,6.252083333333334,6.822395833333333,2.1802998009694203,12.089278838063242
2021-02-16 00:00:00-03:00,6.307083333333334,6.822395833333333,2.251342693707924,11.63349296155136
2021-02-17 00:00:00-03:00,6.0,6.198928571428572,1.9333282789641855,11.113283458648043
2021-02-18 00:00:00-03:00,6.0,6.198928571428572,1.9446259321501707,11.555392716549138
2021-02-19 00:00:00-03:00,6.266249999999999,6.198928571428572,1.9078027986086248,11.549150631176124
2021-02-20 00:00:00-03:00,7.512916666666666,6.822395833333333,3.133069062674566,11.771461897551365
2021-02-21 00:00:00-03:00,6.31625,6.198928571428572,2.2050071713658506,10.916437314966746
2021-02-22 00:00:00-03:00,6.25875,6.198928571428572,2.1545327971176196,11.405015323683497
2021-02-23 00:00:00-03:00,6.264583333333333,6.198928571428572,1.8989054905989118,10.977649370403789
2021-02-24 00:00:00-03:00,6.0,6.0,1.9430241546791915,11.13571209405061
2021-02-25 00:00:00-03:00,6.286666666666666,6.198928571428572,1.962451322095344,11.048000948680041
2021-02-26 00:00:00-03:00,6.0,6.0,1.9436625124277471,11.048000948680041
2021-02-27 00:00:00-03:00,6.0,6.0,1.8886820246071157,11.063449022559201
2021-02-28 00:00:00-03:00,6.0,6.0,1.8923438094881035,10.954375985679096
2021-03-01 00:00:00-03:00,6.0,6.103055555555556,5.959129252995101,7.467946420242728
2021-03-02 00:00:00-03:00,6.309166666666666,6.103055555555556,6.015471358570007,7.535023815726138
2021-03-03 00:00:00-03:00,6.38625,6.336458333333333,6.093841554934136,7.425193961820203
2021-03-04 00:00:00-03:00,6.0,6.103055555555556,5.999530227986406,7.502216409214423
2021-03-05 00:00:00-03:00,6.524166666666666,6.945075757575757,6.454025036671187,7.6002399273039165
2021-03-06 00:00:00-03:00,6.0,6.0,6.000154411879161,7.676870679099035
2021-03-07 00:00:00-03:00,6.0,6.0,6.000463828261571,7.639081877941996
2021-03-08 00:00:00-03:00,8.092857142857142,6.785813492063492,7.972589423596793,8.56166883222319
2021-03-09 00:00:00-03:00,8.197083333333333,6.945075757575757,8.197870677722596,8.499973715426075
2021-03-10 00:00:00-03:00,11.10375,8.64193719159051,10.887814279778306,11.103157403579079
2021-03-11 00:00:00-03:00,21.61458333333333,16.629313326588868,19.85317612298264,22.831921790116755
2021-03-12 00:00:00-03:00,14.912608695652176,14.173358905654194,14.718859792712122,14.873551754255713
2021-03-13 00:00:00-03:00,16.532,16.629313326588868,16.507794469405127,17.917642187760297
2021-03-14 00:00:00-03:00,14.722916666666668,14.173358905654194,14.715944824047153,15.237427434694503
2021-03-15 00:00:00-03:00,10.705833333333333,11.470996376811595,10.678632344412744,11.880903570720806
2021-03-16 00:00:00-03:00,17.04375,15.800902777777779,16.90458168404953,17.287846668169912
2021-03-17 00:00:00-03:00,13.002727272727272,12.613942320999547,12.8570853480356,13.660306185883057
2021-03-18 00:00:00-03:00,7.603750000000001,9.365965263108272,7.60423982987721,10.079382017007505
2021-03-19 00:00:00-03:00,10.261818181818182,9.365965263108272,10.143706773931505,10.449151082539315
2021-03-20 00:00:00-03:00,11.433043478260869,9.766021655478175,11.415206600021722,11.43231387675945
2021-03-21 00:00:00-03:00,10.783333333333331,9.766021655478175,10.41047836742177,11.578599479318253
2021-03-22 00:00:00-03:00,6.2995833333333335,6.945075757575757,6.294799091344303,7.296378688028255
2021-03-23 00:00:00-03:00,9.032083333333334,7.904222293265133,8.738604175093458,9.03070019865062
2021-03-24 00:00:00-03:00,7.28,6.945075757575757,7.149923405115897,7.278539755183478
2021-03-25 00:00:00-03:00,9.723333333333334,7.904222293265133,9.434903086737966,9.849591817623777
2021-03-26 00:00:00-03:00,9.938333333333334,7.971315476190478,9.483068276788874,9.939175799644158
2021-03-27 00:00:00-03:00,10.827826086956522,9.365965263108272,10.282093709957966,10.953232266301551
2021-03-28 00:00:00-03:00,8.700000000000001,7.971315476190478,8.625594036866262,9.290575094363957
2021-03-29 00:00:00-03:00,6.95625,6.945075757575757,6.956712029610186,7.279164802955024
2021-03-30 00:00:00-03:00,9.441666666666666,7.904222293265133,8.773551337822877,9.44200148286127
2021-03-31 00:00:00-03:00,10.977777777777778,9.010647702991454,10.796707677565246,10.983125741582862
2021-04-01 00:00:00-03:00,12.576875,9.838593677814282,12.283260402398142,12.583136082868673
2021-04-02 00:00:00-03:00,11.937083333333334,9.838593677814282,11.82965060855699,11.935225716916886
2021-04-03 00:00:00-03:00,10.76125,9.766021655478175,9.818331946016205,10.877962727685007
2021-04-04 00:00:00-03:00,11.002083333333331,9.766021655478175,9.891202584502896,11.136418594360325
2021-04-05 00:00:00-03:00,9.195,8.64193719159051,8.49130194060077,9.28923272860167
2021-04-06 00:00:00-03:00,12.8295,11.053055555555556,12.470585034993897,12.82907003765245
2021-04-07 00:00:00-03:00,10.708181818181815,9.766021655478175,9.842482923170842,10.818058446475419
2021-04-08 00:00:00-03:00,18.47375,14.641215415019763,17.326864189478783,18.473831269728887
2021-04-09 00:00:00-03:00,20.39590909090909,18.371215749174162,20.3922599122056,21.636093440461874
2021-04-10 00:00:00-03:00,21.297,20.706695024217545,21.250605178588934,22.753211592140904
2021-04-11 00:00:00-03:00,17.888666666666666,18.815018719806766,17.88617610156122,18.56787430067701
2021-04-12 00:00:00-03:00,9.697058823529412,12.613942320999547,8.9383886607317,11.456820299503317
2021-04-13 00:00:00-03:00,15.697916666666666,14.173358905654194,15.697711632543813,15.694236633547526
2021-04-14 00:00:00-03:00,12.905833333333334,12.613942320999547,12.689093404140962,13.080178858398229
2021-04-15 00:00:00-03:00,18.7925,17.33063446969697,18.252675943715982,18.89800825493926
2021-04-16 00:00:00-03:00,32.88666666666666,27.235763574660634,32.88454671649259,32.92279736850997
2021-04-17 00:00:00-03:00,44.99,41.383103864734295,32.42000600629688,45.341280695604894
2021-04-18 00:00:00-03:00,9.345,20.706695024217545,9.305566159707363,13.667170233003855
2021-04-19 00:00:00-03:00,11.51125,18.371215749174162,11.491595129643125,13.367477430954892
2021-04-20 00:00:00-03:00,13.459583333333333,12.613942320999547,12.916431760878226,13.46236915332312
2021-04-21 00:00:00-03:00,12.206666666666663,12.613942320999547,12.196644510828516,12.439643088736359
2021-04-22 00:00:00-03:00,15.179583333333332,14.173358905654194,15.179989844129908,15.190136798590402
2021-04-23 00:00:00-03:00,12.757916666666668,12.613942320999547,12.56021916000928,13.1438086545498
2021-04-24 00:00:00-03:00,17.6525,16.629313326588868,17.577992721915965,18.15645162190692
2021-04-25 00:00:00-03:00,7.543888888888889,9.766021655478175,7.45573223825133,8.141803953276561
2021-04-26 00:00:00-03:00,8.23625,9.010647702991454,7.899112562677546,8.236416176969389
2021-04-27 00:00:00-03:00,10.655,9.010647702991454,9.47520963809688,10.656624923170147
2021-04-28 00:00:00-03:00,16.900000000000002,14.075314327485382,16.268761520898412,17.32521405863374
2021-04-29 00:00:00-03:00,14.24,14.075314327485382,13.934969305592785,14.238234880915508
2021-04-30 00:00:00-03:00,13.71875,14.173358905654194,12.901422218539373,13.837927768102654
2021-05-01 00:00:00-03:00,18.02583333333333,16.629313326588868,17.526589126291327,18.122336796795572
2021-05-02 00:00:00-03:00,22.47958333333333,20.706695024217545,20.985582730822856,23.234892471973026
2021-05-03 00:00:00-03:00,24.535,23.07075285001279,23.958804970745724,25.126607859177273
2021-05-04 00:00:00-03:00,23.207083333333333,23.07075285001279,23.01608951781021,24.362542833406376
2021-05-05 00:00:00-03:00,7.166363636363636,14.173358905654194,7.16358920657698,10.007700668107969
2021-05-06 00:00:00-03:00,7.540833333333333,9.838593677814282,7.332455218005756,8.215278903703965
2021-05-07 00:00:00-03:00,15.217916666666667,12.613942320999547,15.22381789884957,15.22741284186444
2021-05-08 00:00:00-03:00,15.983333333333334,14.173358905654194,15.713125309539333,15.984079584039378
2021-05-09 00:00:00-03:00,12.16125,12.613942320999547,12.160977901285914,12.762977628947663
2021-05-10 00:00:00-03:00,15.091666666666669,14.173358905654194,15.09062309963914,15.248913490765723
2021-05-11 00:00:00-03:00,7.8125,9.010647702991454,7.812411596705744,8.077110856032174
2021-05-12 00:00:00-03:00,17.1025,14.173358905654194,17.102261890458596,17.551947486149675
2021-05-13 00:00:00-03:00,22.63625,18.815018719806766,20.518548882507826,23.410545178859838
2021-05-14 00:00:00-03:00,25.358571428571427,23.07075285001279,21.843812253823433,25.89691524860032
2021-05-15 00:00:00-03:00,33.465,32.190267796735974,33.32350381949178,36.31775133973978
2021-05-16 00:00:00-03:00,26.10833333333333,29.514317684564872,25.43304263771839,27.32631691283132
2021-05-17 00:00:00-03:00,17.369583333333335,23.07075285001279,17.36806519856493,19.489222020259493
2021-05-18 00:00:00-03:00,18.50708333333333,20.706695024217545,18.51480305896077,18.575305070084656
2021-05-19 00:00:00-03:00,23.294166666666666,20.706695024217545,21.322417402929688,24.091508651291814
2021-05-20 00:00:00-03:00,25.53333333333333,24.923166666666667,25.449933567984058,25.701618678926444
2021-05-21 00:00:00-03:00,13.595,18.815018719806766,13.131615052982102,14.190507165838964
2021-05-22 00:00:00-03:00,10.357916666666666,14.173358905654194,9.525540937596908,11.506086963823307
2021-05-23 00:00:00-03:00,12.53125,12.613942320999547,12.182010084752212,12.673896508208705
2021-05-24 00:00:00-03:00,7.585833333333333,8.64193719159051,7.585661238811319,7.5822218571038364
2021-05-25 00:00:00-03:00,17.025833333333335,14.173358905654194,17.013549932091255,17.618207165131704
2021-05-26 00:00:00-03:00,23.605416666666667,20.030222505668938,20.928289842659726,24.41759011731064
2021-05-27 00:00:00-03:00,33.19041666666667,29.514317684564872,32.74665025430882,37.31662672210457
2021-05-28 00:00:00-03:00,26.24708333333333,29.514317684564872,26.256016944733215,26.82041199269321
2021-05-29 00:00:00-03:00,8.168750000000001,17.33063446969697,8.01383042514748,12.091325165754863
2021-05-30 00:00:00-03:00,13.167083333333332,14.641215415019763,13.165911885082602,13.63265699125486
2021-05-31 00:00:00-03:00,21.175416666666667,18.371215749174162,19.747623134933402,22.86097472173151
2021-06-01 00:00:00-03:00,31.98375,30.11872252747253,29.530681158796163,33.15768374916752
2021-06-02 00:00:00-03:00,26.207894736842103,27.810551106025937,26.21338725358155,29.00972925885062
2021-06-03 00:00:00-03:00,19.877916666666668,24.746342412986273,19.744873458360892,21.52675527208756
2021-06-04 00:00:00-03:00,28.4125,28.25111111111111,27.267129566934454,31.299983875898906
2021-06-05 00:00:00-03:00,21.379166666666663,24.746342412986273,21.35516787140546,22.82071433980313
2021-06-06 00:00:00-03:00,12.7975,15.540019440318948,12.269491373042536,12.797068493746965
2021-06-07 00:00:00-03:00,7.1433333333333335,8.249416666666667,7.12890325219023,10.258603258008948
2021-06-08 00:00:00-03:00,6.697500000000001,8.239637592355782,6.658139130817773,9.94379430184879
2021-06-09 00:00:00-03:00,6.0,7.279198369565217,5.972665105601706,9.920250237451297
2021-06-10 00:00:00-03:00,9.355416666666668,8.239637592355782,9.354792880235001,10.707232110123183
2021-06-11 00:00:00-03:00,7.959583333333334,8.239637592355782,7.857004495336467,10.2245690709655
2021-06-12 00:00:00-03:00,12.675833333333337,13.580643880834979,12.673106785249058,12.679287950121116
2021-06-13 00:00:00-03:00,25.43125,24.746342412986273,25.449494857406787,27.54073843058367
2021-06-14 00:00:00-03:00,22.25791666666667,24.746342412986273,22.26072699068676,23.622365431105123
2021-06-15 00:00:00-03:00,26.39625,27.810551106025937,26.3795152065604,28.331697181580466
2021-06-16 00:00:00-03:00,9.989999999999998,15.540019440318948,9.825079901475288,10.854656161617315
2021-06-17 00:00:00-03:00,16.654545454545453,19.244470511317484,16.65337870634755,17.254196322023844
2021-06-18 00:00:00-03:00,14.481818181818182,15.540019440318948,14.474905818995676,14.591198989903443
2021-06-19 00:00:00-03:00,14.61875,15.540019440318948,14.618662784332134,14.866705877818205
2021-06-20 00:00:00-03:00,12.166666666666666,13.580643880834979,12.166457046322096,12.403192444658352
2021-06-21 00:00:00-03:00,7.198333333333333,8.249416666666667,6.915075080285226,10.05685741052857
2021-06-22 00:00:00-03:00,7.517499999999999,8.239637592355782,7.428033822847044,9.6448497733595
2021-06-23 00:00:00-03:00,7.394583333333333,8.239637592355782,7.390483353163327,9.374233517161183
2021-06-24 00:00:00-03:00,9.405833333333334,8.249416666666667,9.159884200682658,10.630138870953088
2021-06-25 00:00:00-03:00,10.53625,8.880796451355662,9.854248236940306,10.879200086198916
2021-06-26 00:00:00-03:00,7.405833333333334,8.239637592355782,7.138011453966032,10.378012867270018
2021-06-27 00:00:00-03:00,33.806,28.925291666666663,31.578006045440105,35.14945349385402
2021-06-28 00:00:00-03:00,6.0,13.580643880834979,5.93124607910252,10.309250766218316
2021-06-29 00:00:00-03:00,9.142105263157896,13.580643880834979,8.903199785849923,10.746426300236449
2021-06-30 00:00:00-03:00,9.666818181818185,8.880796451355662,9.669228664122125,10.390499607593464
2021-07-01 00:00:00-03:00,9.234210526315788,10.24407346491228,0.0,14.160485288942834
2021-07-02 00:00:00-03:00,16.705,21.526411395166498,7.319518576576682,20.844096774517133
2021-07-03 00:00:00-03:00,28.346315789473685,28.66596662699821,17.527240503663478,32.518607685963545
2021-07-04 00:00:00-03:00,27.38208333333333,28.66596662699821,17.46889926709207,31.576466103588476
2021-07-05 00:00:00-03:00,34.60823529411765,33.38264705882353,23.614554441119992,39.37486424139899
2021-07-06 00:00:00-03:00,31.40875,31.40875,22.413741164434455,35.58000950180222
2021-07-07 00:00:00-03:00,37.15375,37.15375,28.162513968091034,41.29865955126043
2021-07-08 00:00:00-03:00,46.95625,45.91220303030303,37.912522888581954,51.35007570981912
2021-07-09 00:00:00-03:00,32.23625,35.74127415458937,21.853631832467947,36.694329250881616
2021-07-10 00:00:00-03:00,36.22625,37.318875,27.252500247650303,40.383255182381994
2021-07-11 00:00:00-03:00,39.967083333333335,40.547663690476185,30.968810495126462,44.114844127205586
2021-07-12 00:00:00-03:00,31.9475,33.38264705882353,22.469145177651775,36.37154339266317
2021-07-13 00:00:00-03:00,49.057,45.91220303030303,39.37047045178832,54.400259697330554
2021-07-14 00:00:00-03:00,45.20818181818182,45.91220303030303,36.23554031504089,50.33945086078753
2021-07-15 00:00:00-03:00,24.89791666666667,29.179455128205127,15.92446505623055,34.518433379265915
2021-07-16 00:00:00-03:00,12.293333333333337,21.526411395166498,3.2758440499024637,17.689260959965456
2021-07-17 00:00:00-03:00,15.804583333333332,21.526411395166498,6.8298231614452405,20.397964154934915
2021-07-18 00:00:00-03:00,15.345416666666669,21.526411395166498,5.591752931353469,19.531998654257546
2021-07-19 00:00:00-03:00,14.24875,21.526411395166498,5.273116987971003,18.472444736789903
2021-07-20 00:00:00-03:00,28.980416666666667,29.055208333333333,18.4756104928029,33.34851254128843
2021-07-21 00:00:00-03:00,48.209583333333335,45.91220303030303,39.20685309357898,54.503021597791985
2021-07-22 00:00:00-03:00,50.75666666666667,47.78217857142857,41.482832266651066,58.29531346503653
2021-07-23 00:00:00-03:00,65.21900000000001,61.010903508771925,42.16293728191192,70.17280659949252
2021-07-24 00:00:00-03:00,63.2495,61.010903508771925,42.293260053019864,69.38161433285806
2021-07-25 00:00:00-03:00,54.56421052631579,61.010903508771925,42.15767416841971,69.81709834415987
2021-07-26 00:00:00-03:00,46.90958333333333,47.78217857142857,37.86421545431871,65.02191837671093
2021-07-27 00:00:00-03:00,8.957916666666668,21.526411395166498,0.0,22.929154743047068
2021-07-28 00:00:00-03:00,13.5125,21.526411395166498,4.538765443383014,18.28190574470851
2021-07-29 00:00:00-03:00,9.745,21.526411395166498,0.771260232757232,16.610552600052294
2021-07-30 00:00:00-03:00,25.799166666666665,28.66596662699821,16.35552514685518,29.939317949546314
2021-07-31 00:00:00-03:00,28.942083333333333,29.055208333333333,18.65199910497993,34.30217740038207
2021-08-01 00:00:00-03:00,38.99958333333333,39.52245126705653,35.45993000687953,42.81310162725279
2021-08-02 00:00:00-03:00,24.04458333333333,26.37541213768116,20.92950765813033,28.947244320863465
2021-08-03 00:00:00-03:00,26.47791666666667,29.759083333333336,23.362025691385274,30.671958785633255
2021-08-04 00:00:00-03:00,6.74625,9.248253921568628,3.6191269356547884,13.736700411068865
2021-08-05 00:00:00-03:00,9.93625,9.248253921568628,6.576827702140928,13.657282934797134
2021-08-06 00:00:00-03:00,27.860416666666666,25.486426032913165,24.2349566749158,31.063688713488315
2021-08-07 00:00:00-03:00,38.275416666666665,35.87379528985507,35.15632280737362,40.99388572954965
2021-08-08 00:00:00-03:00,51.08125,48.67847222222222,46.19215011419662,56.89596855622201
2021-08-09 00:00:00-03:00,45.781666666666666,48.67847222222222,43.78433902533363,54.86943648742908
2021-08-10 00:00:00-03:00,12.66125,20.345119047619047,9.542925798480317,22.79216675004607
2021-08-11 00:00:00-03:00,9.46375,14.306703286749483,6.253380254457026,13.657252567732451
2021-08-12 00:00:00-03:00,18.24375,17.552631832449478,15.118705675279548,21.65393642347199
2021-08-13 00:00:00-03:00,11.152916666666668,10.444901515151516,8.023254009624669,13.804381679877823
2021-08-14 00:00:00-03:00,12.369166666666668,10.444901515151516,8.989975813769709,15.020876083292595
2021-08-15 00:00:00-03:00,17.034166666666668,14.306703286749483,13.473731092812043,19.700501163548413
2021-08-16 00:00:00-03:00,16.52958333333333,14.306703286749483,13.361954488986298,19.19154942249421
2021-08-17 00:00:00-03:00,42.2375,39.52245126705653,39.05358482822024,46.09579245250644
2021-08-18 00:00:00-03:00,26.19,26.19,22.70768069665997,29.111015009901422
2021-08-19 00:00:00-03:00,33.47217391304348,35.87379528985507,27.908681637970336,36.1990582493619
2021-08-20 00:00:00-03:00,39.17208333333333,39.52245126705653,35.87530056647916,43.096914820705926
2021-08-21 00:00:00-03:00,12.654583333333331,17.552631832449478,9.003265225644531,15.455810842110672
2021-08-22 00:00:00-03:00,32.22875,32.22875,27.31343772260728,35.43877502469221
2021-08-23 00:00:00-03:00,30.09125,29.759083333333336,25.946885065013504,34.25819040400066
2021-08-24 00:00:00-03:00,17.771666666666665,20.302499999999995,14.620565251851998,20.543242563822457
2021-08-25 00:00:00-03:00,15.77,15.77,12.580789919610371,18.583583130988345
2021-08-26 00:00:00-03:00,8.46125,8.92375,4.874486617637277,13.852420104199126
2021-08-27 00:00:00-03:00,12.140833333333331,10.444901515151516,8.992933468101743,14.823566948391543
2021-08-28 00:00:00-03:00,16.127916666666668,12.4703431372549,13.010488629494725,18.802357216830277
2021-08-29 00:00:00-03:00,20.50208333333333,17.872395833333332,17.38395333494952,23.774051061668967
2021-08-30 00:00:00-03:00,22.44333333333333,20.345119047619047,18.43278300828705,25.242408547376623
2021-08-31 00:00:00-03:00,24.664285714285715,25.486426032913165,21.54570336874828,27.915604802830874
2021-09-01 00:00:00-03:00,30.63083333333333,28.472511316872424,26.92133486734902,38.60618436159448
2021-09-02 00:00:00-03:00,52.50333333333333,54.11458333333333,29.826603507755593,55.70240001346311
2021-09-03 00:00:00-03:00,25.46625,28.472511316872424,19.493687059080678,55.517276817184964
2021-09-04 00:00:00-03:00,10.536666666666669,22.773757970865116,6.846604217266641,24.223734040202945
2021-09-05 00:00:00-03:00,7.199583333333333,11.306419082125606,3.494516059103836,11.54709258075002
2021-09-06 00:00:00-03:00,9.757083333333334,9.791845238095236,5.7402502856215065,12.929366976902063
2021-09-07 00:00:00-03:00,8.708333333333334,9.038910256410256,4.845332425284212,12.188991279534982
2021-09-08 00:00:00-03:00,11.959166666666668,11.306419082125606,8.050865913642609,15.155466889373901
2021-09-09 00:00:00-03:00,10.044583333333334,9.456585144927535,5.721464781741661,13.21706205722251
2021-09-10 00:00:00-03:00,12.185416666666669,9.791845238095236,7.935618647878362,15.365562814523964
2021-09-11 00:00:00-03:00,9.394583333333332,9.394583333333332,5.507161099791581,12.576224416778043
2021-09-12 00:00:00-03:00,9.372307692307691,9.038910256410256,5.561749763828322,12.568168524857995
2021-09-13 00:00:00-03:00,9.366436510857564,8.864972835643888,5.408961883597126,12.7475737981175
2021-09-14 00:00:00-03:00,9.360565329407436,8.864972835643888,5.4323114816559634,12.811540800077902
2021-12-16 00:00:00-03:00,8.814545454545454,11.341002278216953,5.092456881198898,13.202854618299696
2021-12-17 00:00:00-03:00,10.079565217391306,11.341002278216953,6.176569016573008,13.93023727430463
2021-12-18 00:00:00-03:00,11.103333333333332,12.775823412698415,6.833751642757307,14.955331004187318
2021-12-19 00:00:00-03:00,15.01375,14.947791666666665,11.310835491980189,18.863536098564758
2021-12-20 00:00:00-03:00,20.558333333333334,20.59169642857143,15.825911239521925,24.45867305605772
2021-12-21 00:00:00-03:00,33.63291666666667,32.85597222222222,28.861920647940185,38.91061425406451
2021-12-22 00:00:00-03:00,17.672916666666666,22.336987179487174,13.965355525671047,23.674471494899507
2021-12-23 00:00:00-03:00,17.125416666666666,22.336987179487174,13.421352496548199,23.024024357328386
2021-12-24 00:00:00-03:00,18.6975,20.59169642857143,14.57492131261602,22.999140952662955
2021-12-25 00:00:00-03:00,23.144583333333333,22.336987179487174,19.153759937886402,27.66009103265234
2021-12-26 00:00:00-03:00,23.59,28.138611111111107,19.878986162759702,27.566317416299512
2021-12-27 00:00:00-03:00,18.57208333333333,22.336987179487174,14.84074076746252,22.57028371188005
2021-12-28 00:00:00-03:00,17.277083333333334,20.59169642857143,13.57172992151326,21.7101404419006
2021-12-29 00:00:00-03:00,19.7725,20.59169642857143,15.95672654370125,23.633951841935975
2021-12-30 00:00:00-03:00,19.945416666666667,20.59169642857143,15.97221276780376,23.7972914157801
2021-12-31 00:00:00-03:00,24.784166666666668,28.138611111111107,21.10540710298967,29.470875709617758
2022-01-01 00:00:00-03:00,33.35391304347826,35.174039855072465,28.892715105759738,41.010456967602394
2022-01-02 00:00:00-03:00,17.489166666666666,25.90078301127214,12.954730780811882,24.417712250557493
2022-01-03 00:00:00-03:00,13.463333333333331,22.35798289028391,8.995777352854061,19.895665749001594
2022-01-04 00:00:00-03:00,20.456666666666667,21.461643169664562,15.929540531739985,25.985394923903982
2022-01-05 00:00:00-03:00,15.570833333333333,16.57299242424243,10.768165153331008,21.058385972015596
2022-01-06 00:00:00-03:00,16.170416666666668,17.70089573268921,11.70844619629073,21.65833774433478
2022-01-07 00:00:00-03:00,15.617083333333332,16.57299242424243,10.885795670663548,21.10453333546363
2022-01-08 00:00:00-03:00,14.289583333333333,14.606207780213534,8.954839118114766,20.001676182711748
2022-01-09 00:00:00-03:00,13.993333333333334,14.606207780213534,8.474672636969816,19.476451154504836
2022-01-10 00:00:00-03:00,14.457916666666668,14.606207780213534,8.898550052473102,19.955094227503004
2022-01-11 00:00:00-03:00,16.65625,16.57299242424243,11.995470984872806,22.14775665587274
2022-01-12 00:00:00-03:00,23.033529411764704,21.461643169664562,16.542238876301735,28.522353600479057
2022-01-13 00:00:00-03:00,25.572916666666668,22.771458333333335,20.163043829073093,31.067983485179226
2022-01-14 00:00:00-03:00,25.289583333333336,25.90078301127214,20.122609671790247,30.920884391170468
2022-01-15 00:00:00-03:00,15.973333333333334,21.461643169664562,11.511273326068364,21.590048221093653
2022-01-16 00:00:00-03:00,17.948333333333334,21.461643169664562,12.881475976205337,23.50189320442668
2022-01-17 00:00:00-03:00,13.540833333333332,16.57299242424243,8.49457144045795,19.299528415355056
2022-01-18 00:00:00-03:00,16.62125,17.70089573268921,12.184987920641838,22.462404646411706
2022-01-19 00:00:00-03:00,24.640416666666667,22.35798289028391,19.030832520792668,31.148017818358475
2022-01-20 00:00:00-03:00,31.099166666666665,27.521041666666665,26.64357400799945,37.29275003575747
2022-01-21 00:00:00-03:00,27.22833333333333,27.521041666666665,21.052477518469754,32.71414861987215
2022-01-22 00:00:00-03:00,26.172083333333333,27.521041666666665,20.89609380869017,31.669883169705628
2022-01-23 00:00:00-03:00,35.9225,35.9225,29.507565742827015,42.25441019367197
2022-01-24 00:00:00-03:00,25.54583333333333,27.521041666666665,20.786291597567036,31.31108581585478
2022-01-25 00:00:00-03:00,23.951666666666668,27.521041666666665,18.25303922680953,30.04153859803766
2022-01-26 00:00:00-03:00,19.97,22.771458333333335,15.507730919334591,25.638384136039704
2022-01-27 00:00:00-03:00,10.197916666666666,16.57299242424243,5.745777976844934,17.14678658564413
2022-01-28 00:00:00-03:00,16.747916666666665,17.70089573268921,12.287952137657879,22.58462912173063
2022-01-29 00:00:00-03:00,14.053333333333333,16.57299242424243,8.885025322673513,19.541319667245354
2022-01-30 00:00:00-03:00,12.33125,14.606207780213534,7.874720030865321,18.32129383240649
2022-01-31 00:00:00-03:00,19.325,17.70089573268921,13.422677624975147,24.812464148781572
2022-02-01 00:00:00-03:00,23.188333333333333,21.994972592466016,16.582934930908586,27.73784449796255
2022-02-02 00:00:00-03:00,22.53708333333333,23.303749999999997,16.971124510186286,27.0014549668444
2022-02-03 00:00:00-03:00,26.584166666666665,27.90767156862745,20.601996613435006,30.621651992497235
2022-02-04 00:00:00-03:00,21.331666666666667,23.303749999999997,16.707826551306205,26.58197827103174
2022-02-05 00:00:00-03:00,22.45833333333333,23.41722222222222,17.075945719666905,27.91234591357967
2022-02-06 00:00:00-03:00,14.225833333333334,20.10493634586026,9.294180021032693,18.63044022596489
2022-02-07 00:00:00-03:00,9.284583333333332,14.167962962962964,5.22964256260353,14.18111508063818
2022-02-08 00:00:00-03:00,16.949583333333333,18.375208333333333,12.746511165212086,21.046559802212567
2022-02-09 00:00:00-03:00,17.864166666666666,19.14828135783299,13.085180518323225,21.890137877884577
2022-02-10 00:00:00-03:00,15.36904761904762,19.14828135783299,11.189336697098849,19.658917577847465
2022-02-11 00:00:00-03:00,18.99571428571429,20.10493634586026,14.04656390733634,23.134806863721515
2022-02-12 00:00:00-03:00,18.91952200577201,20.10493634586026,14.008707099699011,22.945583647054505
2022-02-13 00:00:00-03:00,18.84332972582973,21.994972592466016,14.001214120056042,22.89625563982814
2022-06-23 00:00:00-03:00,8.938333333333333,13.580643880834979,8.887466652034606,10.343983188321515
2022-06-24 00:00:00-03:00,15.69,19.244470511317484,15.685692171033581,15.620214457207865
2022-06-25 00:00:00-03:00,24.343333333333334,24.746342412986273,24.326409304145052,25.33296266732888
2022-06-26 00:00:00-03:00,32.99666666666667,33.247865196078436,30.099312071607276,33.017524209959845
2022-06-27 00:00:00-03:00,41.65,41.65,41.058739758378564,41.82705731421969
2022-06-28 00:00:00-03:00,37.842608695652174,39.34679790508881,37.8406030079977,39.412158200556206
2022-06-29 00:00:00-03:00,10.827916666666669,19.244470511317484,10.70172307509732,11.412621577770103
2022-06-30 00:00:00-03:00,30.409166666666664,33.247865196078436,30.094634627180636,32.54426139004307
2022-07-01 00:00:00-03:00,29.41958333333333,29.179455128205127,18.652516176154606,33.55268629833204
2022-07-02 00:00:00-03:00,30.76833333333333,33.38264705882353,21.6909137710718,35.58075648429372
2022-07-03 00:00:00-03:00,16.59541666666667,21.526411395166498,7.617651075706542,20.967782761502185
2022-07-04 00:00:00-03:00,25.671666666666667,28.66596662699821,16.41858469812108,29.855760990802725
2022-07-05 00:00:00-03:00,24.229166666666668,28.66596662699821,15.11822208798254,29.03170231892732
2022-07-06 00:00:00-03:00,21.33833333333333,28.66596662699821,11.80782627935452,25.864778438605263
2022-07-07 00:00:00-03:00,36.56173913043478,35.74127415458937,21.989919416358532,41.015454768063734
2022-07-08 00:00:00-03:00,17.430909090909093,28.66596662699821,7.871480020147333,21.700980775234655
2022-07-09 00:00:00-03:00,28.03125,29.179455128205127,17.649412419492002,32.23745559805337
2022-07-10 00:00:00-03:00,42.35857142857143,40.547663690476185,33.37512181835875,46.55254401117783
2022-07-11 00:00:00-03:00,31.596666666666664,33.38264705882353,19.825148310330157,36.11302329738629
2022-07-12 00:00:00-03:00,12.446315789473685,21.526411395166498,3.009167242804491,16.58177698545301
2022-07-13 00:00:00-03:00,19.75708333333333,21.526411395166498,10.781569509284425,25.23044331746395
2022-07-14 00:00:00-03:00,21.996666666666663,21.526411395166498,11.330320903536398,26.166472115154278
2022-07-15 00:00:00-03:00,11.757826086956522,21.526411395166498,2.7844221394478446,16.43622180256983
2022-07-16 00:00:00-03:00,28.07565217391305,28.66596662699821,17.38120878565455,32.236164375029716
2022-07-17 00:00:00-03:00,6.0,10.24407346491228,0.0,13.881887652255628
2022-07-18 00:00:00-03:00,31.697692307692307,29.179455128205127,19.733171195041038,35.83779492491351
2022-07-19 00:00:00-03:00,28.971666666666668,28.66596662699821,18.257560135614057,33.11194856756138
2022-07-20 00:00:00-03:00,27.39875,29.055208333333333,18.023536643408768,31.567927318260217
2022-07-21 00:00:00-03:00,31.85083333333333,29.179455128205127,20.295873697958655,36.03820895159839
2022-07-22 00:00:00-03:00,38.42583333333334,35.74127415458937,29.45862196848116,42.68427432338845
2022-07-23 00:00:00-03:00,36.11745192307693,36.11745192307693,22.574001120273977,40.27416636657493
2022-07-24 00:00:00-03:00,33.80907051282051,33.80907051282051,22.696936764998313,37.951146194849684
2022-07-26 00:00:00-03:00,29.192307692307693,29.192307692307693,19.709132571994623,35.408838317734975
2022-07-27 00:00:00-03:00,38.4115,37.318875,26.257762109264313,42.556232685353834
2022-07-28 00:00:00-03:00,41.35333333333333,40.547663690476185,32.163239500960586,45.497517282652524
2022-07-29 00:00:00-03:00,7.691666666666666,21.526411395166498,0.0,15.652609377755219
2022-07-30 00:00:00-03:00,19.305,21.526411395166498,10.324118601188,23.58345253056041
2022-07-31 00:00:00-03:00,30.899583333333336,29.055208333333333,19.949239172475934,35.05510720931907
2022-08-01 00:00:00-03:00,32.15958333333334,32.15958333333334,26.225011219046205,34.85325731797072
2022-08-02 00:00:00-03:00,23.839583333333334,25.486426032913165,19.30393326757549,26.49011539813609
2022-08-03 00:00:00-03:00,34.095,34.04541666666667,26.226580609618754,36.75816010193407
2022-08-04 00:00:00-03:00,21.97458333333333,25.486426032913165,18.849289232473275,25.067560072813443
2022-08-05 00:00:00-03:00,8.163529411764706,12.4703431372549,4.865764033681085,13.003977107534089
2022-08-06 00:00:00-03:00,7.442352941176471,9.248253921568628,4.125575124849682,12.086038155032155
2022-08-07 00:00:00-03:00,6.721176470588236,6.934383702756466,3.1353145885700946,11.653856843401021
2022-08-08 00:00:00-03:00,6.0,6.0,2.8742104123586762,11.61202762768726
2022-08-09 00:00:00-03:00,6.584583333333334,6.934383702756466,3.156331122348393,12.074220196569161
2022-08-10 00:00:00-03:00,9.38625,8.92375,5.869834420458483,12.02084264685856
2022-08-11 00:00:00-03:00,18.625,17.552631832449478,15.26458439695888,21.280675713905097
2022-08-12 00:00:00-03:00,14.674166666666666,14.306703286749483,11.264366237778198,17.333356848932556
2022-08-13 00:00:00-03:00,27.023333333333337,25.486426032913165,22.20270907037181,29.67854251793838
2022-08-14 00:00:00-03:00,41.33625,39.52245126705653,38.14743187850131,44.05184314400021
2022-08-15 00:00:00-03:00,26.899565217391302,26.37541213768116,23.27815915050332,29.573701712179243
2022-08-16 00:00:00-03:00,11.32375,14.306703286749483,7.927613793578072,15.013885382376769
2022-08-17 00:00:00-03:00,13.119583333333331,12.4703431372549,9.419991741459569,15.772710827560578
2022-08-18 00:00:00-03:00,15.914583333333333,14.306703286749483,12.790455564171618,18.554796314896045
2022-08-19 00:00:00-03:00,11.254583333333334,11.254583333333334,7.5942729900309605,14.751589244524027
2022-08-20 00:00:00-03:00,21.35833333333333,20.345119047619047,17.02523513211135,24.020400397353836
2022-08-21 00:00:00-03:00,29.79375,26.37541213768116,24.208765976716375,32.51835250367342
2022-08-22 00:00:00-03:00,30.821250000000003,29.759083333333336,25.361348465848224,33.475379735074725
2022-08-23 00:00:00-03:00,24.375,25.486426032913165,20.713464289873347,28.005487987057343
2022-08-24 00:00:00-03:00,42.17458333333334,39.52245126705653,38.272444432102695,45.046099531036326
2022-08-25 00:00:00-03:00,34.06875,34.06875,26.60913219813973,36.735459877037634
2022-08-26 00:00:00-03:00,38.05,39.52245126705653,32.20387635027179,40.80346648916291
2022-08-27 00:00:00-03:00,28.517916666666668,29.759083333333336,25.285130347593306,31.49186005895793
2022-08-28 00:00:00-03:00,14.109583333333331,17.872395833333332,10.991100102535531,16.941823206775055
2022-08-29 00:00:00-03:00,17.475416666666668,17.872395833333332,14.224486906481564,20.21195674350407
2022-08-30 00:00:00-03:00,14.95,14.306703286749483,11.566550934033119,17.604285388085767
2022-08-31 00:00:00-03:00,22.09166666666667,20.345119047619047,18.496625330137604,25.33717031172655
2022-09-01 00:00:00-03:00,24.10125,22.773757970865116,17.839079458622848,27.4666238507107
2022-09-02 00:00:00-03:00,17.77625,19.297001968442185,13.465746858278266,21.342908342959404
2022-09-03 00:00:00-03:00,12.666666666666666,15.407551328502414,8.96183702585374,16.535234973166347
2022-09-04 00:00:00-03:00,21.656666666666663,19.297001968442185,15.303041822374833,24.84964076715408
2022-09-05 00:00:00-03:00,13.612916666666663,15.348333333333331,9.228598943821545,17.135377564386722
2022-09-06 00:00:00-03:00,14.781666666666666,15.407551328502414,10.707400383240682,18.21816967090097
2022-09-07 00:00:00-03:00,10.545,11.306419082125606,5.905908401206329,13.72554386989232
2022-09-08 00:00:00-03:00,22.31055555555556,19.297001968442185,15.140239665338665,25.785541782028044
2022-09-09 00:00:00-03:00,15.698538647342996,15.407551328502414,11.485005578187389,18.912191402566403
2022-09-10 00:00:00-03:00,9.086521739130434,11.306419082125606,5.179419280880632,13.045054013071928
2022-09-11 00:00:00-03:00,13.386666666666668,11.306419082125606,8.446870676302401,16.67475867249539
2022-09-12 00:00:00-03:00,21.724166666666665,17.02645660800552,14.455842235894185,25.162751417995374
2022-09-13 00:00:00-03:00,12.514583333333334,14.543214646464644,8.807162881919703,16.200529420735027
2022-09-14 00:00:00-03:00,10.28125,11.306419082125606,6.394840543662339,14.368365492896517
2022-09-15 00:00:00-03:00,7.308695652173912,8.825300207039339,3.401794317831817,10.48762798003335
2022-09-16 00:00:00-03:00,10.25,9.038910256410256,5.961096527746278,13.432967697521098
2022-09-17 00:00:00-03:00,14.997916666666669,11.306419082125606,10.381181050163587,18.2075762735611
2022-09-18 00:00:00-03:00,18.48333333333333,15.407551328502414,13.460558798574116,21.68075559224084
2022-09-19 00:00:00-03:00,13.367916666666666,14.543214646464644,9.033932466184716,16.63997833380817
2022-09-20 00:00:00-03:00,10.779166666666669,11.306419082125606,5.488038698289428,13.99803256729883
2022-09-21 00:00:00-03:00,7.867916666666667,8.864972835643888,4.16164060512132,11.588387255207195
2022-09-22 00:00:00-03:00,7.743749999999999,7.9083552855924975,4.038778819433066,11.11968125034412
2022-09-23 00:00:00-03:00,8.666666666666666,7.9083552855924975,4.961732010587628,12.270503109280533
2022-09-24 00:00:00-03:00,17.941666666666666,14.543214646464644,11.980074919599087,21.122156757687634
2022-09-25 00:00:00-03:00,17.79375,15.348333333333331,13.04882441104634,21.013670436215072
2022-09-26 00:00:00-03:00,22.02227272727273,19.297001968442185,15.893208789772622,25.202642055842922
2022-09-27 00:00:00-03:00,31.445,28.472511316872424,25.4932465047542,34.908442090798445
2022-09-28 00:00:00-03:00,16.125416666666666,19.297001968442185,12.347923923694168,23.207593246438545
2022-09-29 00:00:00-03:00,19.27875,19.297001968442185,14.436416192894253,22.462544386624497
2022-09-30 00:00:00-03:00,16.04625,17.02645660800552,11.522758104555685,19.23221977439219
2022-10-01 00:00:00-03:00,13.895833333333334,13.885926870748298,10.316256489732634,16.539885575333436
2022-10-02 00:00:00-03:00,9.049583333333333,11.00577380952381,6.186470466175976,12.402329024752017
2022-10-03 00:00:00-03:00,14.24125,12.956625841750842,10.282327769882814,16.769327394997333
2022-10-04 00:00:00-03:00,18.1,12.956625841750842,14.462583904450142,20.61403992168919
2022-10-05 00:00:00-03:00,20.155416666666667,20.064799382716046,16.606704969804166,22.659045542475752
2022-10-06 00:00:00-03:00,19.156666666666663,20.064799382716046,15.581729547319505,21.655834469680492
2022-10-07 00:00:00-03:00,14.758333333333333,13.885926870748298,11.974905577947093,17.521138874701258
2022-10-08 00:00:00-03:00,23.405,21.791562499999998,17.8657840323998,26.283435628016086
2022-10-09 00:00:00-03:00,17.220833333333335,19.022708333333334,13.657816890949054,20.096102255425087
2022-10-10 00:00:00-03:00,10.996363636363636,12.956625841750842,7.940180799874531,14.84204357279549
2022-10-11 00:00:00-03:00,16.71875,13.885926870748298,13.562454381485495,19.248223151778937
2022-10-12 00:00:00-03:00,10.466666666666669,11.00577380952381,6.552967953419818,12.969658435365004
2022-10-13 00:00:00-03:00,12.341363636363637,12.422537878787878,9.480679201537697,14.845081340481242
2022-10-14 00:00:00-03:00,27.876666666666665,21.791562499999998,21.63993948956015,30.819485128431715
2022-10-15 00:00:00-03:00,19.697916666666668,20.064799382716046,15.9858960623353,22.2020525499456
2022-10-16 00:00:00-03:00,8.929583333333333,12.956625841750842,6.158564965442322,13.694516072253835
2022-10-17 00:00:00-03:00,12.208333333333334,12.956625841750842,9.590365809437264,15.025325365785589
2022-10-18 00:00:00-03:00,9.52375,9.145583333333335,6.438321388621981,12.029575744225475
2022-10-19 00:00:00-03:00,7.053333333333334,7.109583333333333,4.217051101767733,9.557373658328217
2022-10-20 00:00:00-03:00,13.038333333333334,11.00577380952381,9.75540593304338,15.545721499056457
2022-10-21 00:00:00-03:00,13.18,11.00577380952381,10.16451297358671,15.685364183480715
2022-10-22 00:00:00-03:00,8.560833333333333,9.145583333333335,5.527606547322989,11.066504546788524
2022-10-23 00:00:00-03:00,16.748333333333335,12.956625841750842,13.001618115602158,19.272203069185245
2022-10-24 00:00:00-03:00,14.952916666666669,12.956625841750842,11.352963691066565,17.47730688268603
2022-10-25 00:00:00-03:00,12.217916666666667,12.956625841750842,9.16004700591452,15.010725832942443
2022-10-26 00:00:00-03:00,22.43583333333333,20.064799382716046,17.381597983180857,24.94001431108061
2022-10-27 00:00:00-03:00,13.1825,12.956625841750842,10.087446592820816,16.20642488810026
2022-10-28 00:00:00-03:00,27.21375,24.24902777777778,21.67698432565628,29.727157811427787
2022-10-29 00:00:00-03:00,33.64416666666667,32.05981060606061,30.41127015220334,37.141364927460025
2022-10-30 00:00:00-03:00,17.8775,24.24902777777778,14.829921236574734,21.563328636542963
2022-10-31 00:00:00-03:00,8.41,13.885926870748298,5.787651611424076,13.226678438532579
2022-11-01 00:00:00-03:00,11.136666666666663,11.999243827160493,6.916616743869739,15.293649136761424
2022-11-02 00:00:00-03:00,14.878749999999998,12.301805555555555,10.947005910990278,18.67298130962517
2022-11-03 00:00:00-03:00,16.70625,17.501180555555553,13.081577684481086,20.492007229690532
2022-11-04 00:00:00-03:00,17.76,18.73574074074074,13.9230735900722,21.549619864715023
2022-11-05 00:00:00-03:00,18.946250000000003,18.73574074074074,14.712225570069155,22.716183945223577
2022-11-06 00:00:00-03:00,12.584166666666668,13.757975543478262,8.778564617303942,17.07279324193718
2022-11-07 00:00:00-03:00,11.544166666666667,11.999243827160493,7.4298949469682185,15.787038076285164
2022-11-08 00:00:00-03:00,10.81125,11.999243827160493,5.984240261067702,14.555671142884671
2022-11-09 00:00:00-03:00,12.129583333333334,11.999243827160493,8.049228619605612,15.91177627101966
2022-11-10 00:00:00-03:00,15.040416666666667,12.301805555555555,10.683337480732211,18.815844006939365
2022-11-11 00:00:00-03:00,16.190416666666668,16.190416666666668,12.224279061560356,19.960043956077005
2022-11-12 00:00:00-03:00,19.402083333333334,18.73574074074074,15.096133452279805,23.168737435522484
2022-11-13 00:00:00-03:00,22.74,22.640634920634916,17.681220006841468,26.508536581636044
2022-11-14 00:00:00-03:00,9.98875,12.301805555555555,6.365982923271911,15.225926740937139
2022-11-15 00:00:00-03:00,18.106666666666666,18.73574074074074,13.825954313421782,21.875018220670203
2022-11-16 00:00:00-03:00,22.896666666666665,19.569930555555555,17.471168493142287,26.736632266503246
2022-11-17 00:00:00-03:00,31.24708333333333,26.871527777777775,26.51858350329457,35.04780739435338
2022-11-18 00:00:00-03:00,24.36666666666667,25.639861111111113,18.81725518444729,28.312009324695413
2022-11-19 00:00:00-03:00,26.1075,26.871527777777775,20.689215985034327,29.88508529181753
2022-11-20 00:00:00-03:00,30.547083333333333,31.19895833333333,25.664276305749365,34.581617253070256
2022-11-21 00:00:00-03:00,31.474166666666665,36.72237780619494,27.841439226647005,37.33945887756002
2022-11-22 00:00:00-03:00,23.26,26.871527777777775,19.0585914491175,27.683405464583956
2022-11-23 00:00:00-03:00,20.268125,25.639861111111113,16.671355040075532,24.9870433015681
2022-11-24 00:00:00-03:00,20.192777777777778,22.640634920634916,16.478834741023412,23.974753156250355
2022-11-25 00:00:00-03:00,27.21,25.639861111111113,22.42976685308481,31.358057372544415
2022-11-26 00:00:00-03:00,11.985416666666666,18.73574074074074,8.362593412876983,17.129571030535974
2022-11-27 00:00:00-03:00,22.250833333333333,22.640634920634916,17.851103381670722,27.368797539262566
2022-11-28 00:00:00-03:00,16.04625,18.73574074074074,12.246082421756963,19.814834614644997
2022-11-29 00:00:00-03:00,17.2625,18.73574074074074,13.604199418776371,21.36260205435909
2022-11-30 00:00:00-03:00,12.20875,13.757975543478262,8.58719270630265,16.517495441541627
2022-12-01 00:00:00-03:00,13.31,13.993304924242427,9.246865893950442,17.195286244012006
2022-12-02 00:00:00-03:00,28.504166666666663,22.336987179487174,23.489930366141003,33.46626523314329
2022-12-03 00:00:00-03:00,23.11458333333333,22.336987179487174,17.77204737351468,27.511379475907702
2022-12-04 00:00:00-03:00,21.99458333333333,22.336987179487174,17.749397515649306,27.629088685296715
2022-12-05 00:00:00-03:00,9.85875,14.947791666666665,5.844214604979062,15.538764339539197
2022-12-06 00:00:00-03:00,6.87375,11.341002278216953,3.169652499293548,11.078676584555588
2022-12-07 00:00:00-03:00,8.58375,8.63171633805037,4.784144767685235,12.41711586173498
2022-12-08 00:00:00-03:00,22.685,19.994724025974026,16.110337124711627,26.869829030706505
2022-12-09 00:00:00-03:00,25.06958333333333,20.59169642857143,18.038436977713037,28.92021821118783
2022-12-10 00:00:00-03:00,33.33409090909091,32.85597222222222,28.965159213045656,38.13396724778603
2022-12-11 00:00:00-03:00,19.536666666666665,22.336987179487174,15.832165245517032,24.653780771036395
2022-12-12 00:00:00-03:00,31.60090909090909,32.85597222222222,27.88391894754113,35.50549168458034
2022-12-13 00:00:00-03:00,16.079166666666666,20.59169642857143,12.374702468520063,20.51814899554033
2022-12-14 00:00:00-03:00,17.62,20.59169642857143,13.738744836685019,21.811854731395258
2022-12-15 00:00:00-03:00,26.032083333333333,22.336987179487174,20.15215461279966,31.269427090386138
2022-12-16 00:00:00-03:00,22.3775,22.336987179487174,18.201067273547977,27.589593608838683
2022-12-17 00:00:00-03:00,22.334166666666665,22.336987179487174,18.201068258384772,27.9793862171554
2022-12-18 00:00:00-03:00,18.901666666666667,20.59169642857143,14.879678353776743,22.75229478275063
2022-12-19 00:00:00-03:00,9.039166666666668,14.947791666666665,5.335530785737315,14.112950694180903
2022-12-20 00:00:00-03:00,10.1575,12.775823412698415,6.36586383714073,14.2298985828367
2022-12-21 00:00:00-03:00,11.107083333333334,11.341002278216953,6.315206346925563,14.958679063980009
2022-12-22 00:00:00-03:00,16.768333333333334,14.947791666666665,12.453674442470284,20.619390338291517
2022-12-23 00:00:00-03:00,22.21,20.59169642857143,16.88767633455305,26.822791997945906
2022-12-24 00:00:00-03:00,24.285416666666663,22.336987179487174,18.32745094832059,28.134997613540754
2022-12-25 00:00:00-03:00,30.92958333333333,30.92958333333333,26.130994488117985,35.773109333209845
2022-12-26 00:00:00-03:00,16.667916666666667,20.59169642857143,12.727707419943819,22.576300673754858
2022-12-27 00:00:00-03:00,19.07583333333333,20.59169642857143,14.345468544628435,22.938157606708387
2022-12-28 00:00:00-03:00,7.566666666666666,12.775823412698415,3.857843184789963,12.113773370760653
2022-12-29 00:00:00-03:00,14.925416666666663,14.947791666666665,10.888390946237191,19.02105517904311
2022-12-30 00:00:00-03:00,20.190416666666668,19.994724025974026,15.319268569589006,24.04379833761144
2022-12-31 00:00:00-03:00,25.686666666666667,22.336987179487174,19.976355370577206,30.02863373197085
2023-01-01 00:00:00-03:00,24.229130434782608,25.90078301127214,17.804045950063863,30.016631178016432
2023-01-02 00:00:00-03:00,23.057916666666667,25.90078301127214,16.996427925454537,29.445840608413008
2023-01-03 00:00:00-03:00,10.617916666666666,16.57299242424243,5.717066028793431,17.6250687118403
2023-01-04 00:00:00-03:00,15.739583333333334,17.70089573268921,10.951005809853255,21.227931347273554
2023-01-05 00:00:00-03:00,16.85375,16.57299242424243,12.317066114178825,22.464675949678238
2023-01-06 00:00:00-03:00,23.51708333333333,22.35798289028391,16.552108117073413,29.000069994973728
2023-01-07 00:00:00-03:00,25.63958333333333,25.90078301127214,19.215454972796472,31.12980648992847
2023-01-08 00:00:00-03:00,18.0875,22.35798289028391,13.2779534318571,23.678366090948032
2023-01-09 00:00:00-03:00,16.951666666666664,21.461643169664562,12.486031678963602,23.06290691983432
2023-01-10 00:00:00-03:00,21.40125,21.461643169664562,15.753241060348913,27.06563319294061
2023-01-11 00:00:00-03:00,23.91208333333333,22.35798289028391,17.241315484258443,29.465906132918164
2023-01-12 00:00:00-03:00,36.994166666666665,35.174039855072465,29.542585096842497,42.48297871973816
2023-01-13 00:00:00-03:00,29.00833333333333,29.00833333333333,24.55464454568492,37.823722424865096
2023-01-14 00:00:00-03:00,14.335416666666667,22.35798289028391,9.166855774540512,22.00755804827039
2023-01-15 00:00:00-03:00,12.8975,17.70089573268921,8.21136687322455,19.028278139884037
2023-01-16 00:00:00-03:00,11.212222222222222,14.606207780213534,6.060739193409836,17.09996913837963
2023-01-17 00:00:00-03:00,12.54125,14.606207780213534,8.021247186634469,18.028889531968233
2023-01-18 00:00:00-03:00,10.687083333333334,11.528522727272728,5.084683604457625,16.17240605079952
2023-01-19 00:00:00-03:00,7.705833333333333,9.531683135704874,3.1039439798861306,13.17475289490891
2023-01-20 00:00:00-03:00,10.152916666666666,9.531683135704874,4.820143394985351,15.63938876995592
2023-01-21 00:00:00-03:00,22.282916666666665,17.70089573268921,14.796593127945073,27.777395878391424
2023-01-22 00:00:00-03:00,14.985833333333332,16.57299242424243,10.010625522574873,20.61804055103686
2023-01-23 00:00:00-03:00,23.15125,22.35798289028391,16.5550726965816,28.639324124852912
2023-01-24 00:00:00-03:00,21.97583333333333,22.35798289028391,16.028203891382113,27.463284855264348
2023-01-25 00:00:00-03:00,27.38416666666667,25.90078301127214,20.847167117688294,32.87171632379812
2023-01-26 00:00:00-03:00,22.302916666666665,25.90078301127214,16.474292344187493,28.206408954700954
2023-01-27 00:00:00-03:00,20.235454545454544,22.35798289028391,15.780954149586314,26.198896832786737
2023-01-28 00:00:00-03:00,31.129166666666663,27.521041666666665,26.66816340035316,37.31640204694944
2023-01-29 00:00:00-03:00,17.45,22.35798289028391,12.741506365239267,24.04723006299389
2023-01-30 00:00:00-03:00,18.177916666666665,22.35798289028391,13.472025742755275,23.66589039784219
2023-01-31 00:00:00-03:00,20.4575,21.461643169664562,15.69159824721525,25.945461860865016
2023-02-01 00:00:00-03:00,24.665000000000003,23.41722222222222,18.28280546838851,28.702703526170968
2023-02-02 00:00:00-03:00,16.40791666666667,21.994972592466016,12.332631613400823,20.64970430034772
2023-02-03 00:00:00-03:00,12.1325,19.14828135783299,7.8726194959699605,16.956819793744316
2023-02-04 00:00:00-03:00,8.7925,11.655833333333334,4.583581181995834,13.12736693036035
2023-02-05 00:00:00-03:00,14.830416666666666,14.167962962962964,9.616215757660855,18.880886636223075
2023-02-06 00:00:00-03:00,16.991666666666667,18.375208333333333,12.762474272196647,21.08982403607684
2023-02-07 00:00:00-03:00,20.48208333333333,20.730172101449273,15.689563748662904,24.506480785460916
2023-02-08 00:00:00-03:00,19.39736842105264,21.994972592466016,15.16732063485235,23.44257759040654
2023-02-09 00:00:00-03:00,23.21875,23.303749999999997,16.87342077732294,27.246932695950814
2023-02-10 00:00:00-03:00,26.36916666666667,26.36916666666667,19.67276411426583,30.421213373921205
2023-02-11 00:00:00-03:00,23.12833333333333,23.41722222222222,17.299586472438826,28.175622173827893
2023-02-12 00:00:00-03:00,20.855,23.303749999999997,16.682088052656063,25.526563642924646
2023-02-13 00:00:00-03:00,29.152083333333334,33.221873175269636,24.084357622189202,33.19717941533743
2023-02-14 00:00:00-03:00,29.953333333333333,33.221873175269636,25.890341725490018,33.997612232004876
2023-02-15 00:00:00-03:00,14.026666666666666,21.994972592466016,9.230413255084033,19.77829485295162
2023-02-16 00:00:00-03:00,15.467083333333331,21.994972592466016,11.26756513690681,19.68403823315981
2023-02-17 00:00:00-03:00,10.9275,14.167962962962964,6.232354880924035,14.953529846740242
2023-02-18 00:00:00-03:00,16.33791666666667,18.375208333333333,12.28185936372247,20.409449713459846
2023-02-19 00:00:00-03:00,16.878333333333334,19.14828135783299,12.818663104616236,21.184409498133768
2023-02-20 00:00:00-03:00,15.810416666666669,19.14828135783299,11.365168173173043,19.838872557362066
2023-02-21 00:00:00-03:00,8.7675,12.769583333333333,4.579706996930925,13.40326976871591
2023-02-22 00:00:00-03:00,14.682916666666666,14.167962962962964,9.668928486317647,18.709105196209265
2023-02-23 00:00:00-03:00,14.139166666666666,14.167962962962964,8.984712428467535,18.16642751372667
2023-02-24 00:00:00-03:00,21.15458333333333,20.10493634586026,15.457952368964522,25.179285848308112
2023-02-25 00:00:00-03:00,17.492083333333333,20.10493634586026,13.063959961831829,21.627026484354268
2023-02-26 00:00:00-03:00,29.231176470588235,27.90767156862745,23.462771003916977,33.6317329246464
2023-02-27 00:00:00-03:00,29.203005652781737,33.221873175269636,23.2536718604292,33.24696949527436
2023-02-28 00:00:00-03:00,29.174834834975243,33.221873175269636,24.97809790727439,33.38637006203109
2024-08-26 00:00:00-03:00,13.821739130434782,17.552631832449478,10.701395372214225,16.498043029712214
2024-08-27 00:00:00-03:00,32.88708333333333,29.759083333333336,24.816199244147043,35.54181783247496
2024-08-28 00:00:00-03:00,11.24375,14.306703286749483,7.363109662215692,14.119629667748974
2024-08-29 00:00:00-03:00,40.70666666666667,39.52245126705653,36.66627398084591,43.36061733379465
2024-08-30 00:00:00-03:00,20.00625,20.345119047619047,16.88802381196289,23.61261849035773
2024-08-31 00:00:00-03:00,24.76375,26.37541213768116,20.645394428387863,27.834021164163595
2024-09-01 00:00:00-03:00,12.618333333333332,22.773757970865116,8.929622531345721,26.801305726624264
2024-09-02 00:00:00-03:00,12.125416666666666,19.297001968442185,8.301092744872019,26.004939340121336
2024-09-03 00:00:00-03:00,18.249583333333334,19.297001968442185,10.529677773943606,26.43089959645661
2024-09-04 00:00:00-03:00,14.51875,19.297001968442185,10.808051570168905,26.790366170317107
2024-09-05 00:00:00-03:00,8.282608695652174,17.02645660800552,4.635806276447193,26.63663568948179
2024-09-06 00:00:00-03:00,20.88173913043478,19.297001968442185,8.51219992586336,27.835362454209548
2024-09-07 00:00:00-03:00,42.07458333333333,28.472511316872424,15.348703303373853,43.16677774927538
2024-09-08 00:00:00-03:00,24.837083333333336,28.472511316872424,13.880394243467585,30.10878254252017
2024-09-09 00:00:00-03:00,25.93166666666667,28.472511316872424,20.27270324827471,37.82970659074902
2024-09-10 00:00:00-03:00,55.72583333333333,54.11458333333333,24.52258533176084,60.13680813200236
2024-09-11 00:00:00-03:00,56.59351600000002,56.59351600000002,18.0549614094077,59.78030693482198
2024-09-12 00:00:00-03:00,16.609583333333333,28.472511316872424,12.838190604049704,54.03923086464636
2024-09-13 00:00:00-03:00,27.89375,28.472511316872424,19.48719785439385,47.9122458767537
2024-09-14 00:00:00-03:00,15.24875,17.02645660800552,11.336804096592628,18.38360707073035
2024-09-15 00:00:00-03:00,21.155,19.297001968442185,15.598469212989166,25.038352624043814
2024-09-16 00:00:00-03:00,14.638333333333334,15.348333333333331,9.845174692307737,20.526036453718298
2024-09-17 00:00:00-03:00,14.002083333333331,14.543214646464644,10.296753872799231,19.76584715074495
2024-09-18 00:00:00-03:00,18.560416666666665,14.543214646464644,11.09557763997009,21.754679491315446
2024-09-19 00:00:00-03:00,34.708,22.773757970865116,20.77215004610037,37.9549277396057
2024-09-20 00:00:00-03:00,27.217272727272725,22.773757970865116,18.626337214519175,35.5969080877089
2024-09-21 00:00:00-03:00,8.864583333333334,17.02645660800552,5.159222753258975,22.787598370152587
2024-09-22 00:00:00-03:00,6.884583333333333,9.791845238095236,2.8790368540650957,18.51697732352661
2024-09-23 00:00:00-03:00,31.992380952380955,17.02645660800552,17.404556961220596,35.17453846742546
2024-09-24 00:00:00-03:00,31.678116402116405,22.773757970865116,20.272503951488332,35.03615292915026
2024-09-25 00:00:00-03:00,31.36385185185185,28.472511316872424,20.840399077953847,40.40554246029145
2024-10-23 00:00:00-03:00,22.564444444444447,20.064799382716046,18.08137562021278,25.177165078223233
2024-10-24 00:00:00-03:00,21.94875,20.064799382716046,15.28482390863008,24.474671059928845
2024-10-25 00:00:00-03:00,7.016249999999999,12.956625841750842,4.398350857123782,18.594700545285285
2024-10-26 00:00:00-03:00,12.73875,12.956625841750842,10.040384098553014,22.43911054474615
2024-10-27 00:00:00-03:00,16.47458333333333,12.956625841750842,12.22244401941949,19.308294422638937
2024-10-28 00:00:00-03:00,20.824583333333333,19.022708333333334,13.841753427553474,24.365838603815675
2024-10-29 00:00:00-03:00,27.655833333333334,24.24902777777778,18.854074102901286,32.42172281026526
2024-10-30 00:00:00-03:00,16.580833333333334,20.064799382716046,12.71430384198625,21.19129404524537
2024-10-31 00:00:00-03:00,21.409166666666664,21.791562499999998,17.96234160658278,25.463692793985423
2024-11-01 00:00:00-03:00,27.59583333333333,22.640634920634916,18.98162472962644,31.615960898341136
2024-11-02 00:00:00-03:00,26.86208333333333,25.639861111111113,18.642963080375033,30.725995443816313
2024-11-03 00:00:00-03:00,31.85083333333333,31.19895833333333,20.462133331581747,36.340139677194266
2024-11-04 00:00:00-03:00,16.615416666666665,22.640634920634916,12.059571143267439,23.436449426121335
2024-11-05 00:00:00-03:00,16.363333333333333,19.569930555555555,11.692085651556937,22.084010680966337
2024-11-06 00:00:00-03:00,12.723333333333334,13.757975543478262,6.875330021896556,19.746559352534426
2024-11-07 00:00:00-03:00,15.678333333333333,15.678333333333333,10.195826500970378,20.262885880799736
2024-11-08 00:00:00-03:00,11.082916666666668,11.999243827160493,6.739029317979508,18.265398330645823
2024-11-09 00:00:00-03:00,18.05125,17.501180555555553,11.736578569917386,21.84367844865557
2024-11-10 00:00:00-03:00,17.622083333333332,17.501180555555553,11.541309554351866,21.42563445439703
2024-11-11 00:00:00-03:00,23.687083333333334,18.73574074074074,16.302808764054493,28.11973874387085
2024-11-12 00:00:00-03:00,8.42,12.301805555555555,4.734934963273707,17.892171205796284
2024-11-13 00:00:00-03:00,17.515652173913043,13.757975543478262,11.387170340367437,21.349288814545638
2024-11-14 00:00:00-03:00,25.425416666666667,18.73574074074074,16.188183745154763,29.194148390960617
2024-11-15 00:00:00-03:00,23.8125,22.640634920634916,16.152596773648064,28.716000369900918
2024-11-16 00:00:00-03:00,19.793333333333333,19.569930555555555,12.395397041677356,23.56223651491125
2024-11-17 00:00:00-03:00,20.000833333333333,19.569930555555555,12.587811693101113,23.771014119005756
2024-11-18 00:00:00-03:00,22.64333333333333,19.569930555555555,13.784525647595235,26.41303349989578
2024-11-19 00:00:00-03:00,14.435833333333331,17.501180555555553,10.348958845033557,19.935771574366164
2024-11-20 00:00:00-03:00,8.278333333333334,11.999243827160493,4.652681750892754,17.175637484397583
2024-11-21 00:00:00-03:00,6.0,8.70036931818182,2.3772513838080838,16.079332990078495
2024-11-22 00:00:00-03:00,12.567916666666669,8.70036931818182,4.532904027219686,16.318233298054757
2024-11-23 00:00:00-03:00,7.109166666666667,7.109166666666667,3.4826525002926467,16.19095710972744
2024-11-24 00:00:00-03:00,17.074444444444442,11.999243827160493,9.302226388504339,20.779808537161408
2024-11-25 00:00:00-03:00,25.59875,17.501180555555553,16.923929476715625,29.364569932199768
2024-11-26 00:00:00-03:00,33.992916666666666,25.639861111111113,18.890263150630894,37.98482545098216
2024-11-27 00:00:00-03:00,42.85826086956522,36.72237780619494,20.619502274783,57.982745631512465
2024-11-28 00:00:00-03:00,35.83470588235294,36.72237780619494,20.274265719626836,57.93307235410767
2024-11-29 00:00:00-03:00,21.139375,25.639861111111113,14.227268917018243,39.78880555611787
2024-11-30 00:00:00-03:00,15.722083333333332,19.569930555555555,12.122472872239115,24.617899123941086
2024-12-01 00:00:00-03:00,11.256363636363638,13.993304924242427,7.541828303137485,19.257283900043145
2024-12-02 00:00:00-03:00,20.88181818181818,19.994724025974026,12.227375268527837,24.732751197851563
2024-12-03 00:00:00-03:00,22.87833333333333,19.994724025974026,13.9762151110018,26.7335001931066
2024-12-04 00:00:00-03:00,18.655,19.994724025974026,13.112326514350059,22.503599172283195
2024-12-05 00:00:00-03:00,24.7025,20.59169642857143,16.63646611551608,28.555381103422896
2024-12-06 00:00:00-03:00,36.04166666666666,28.138611111111107,20.79987505010957,39.849875375295056
2024-12-07 00:00:00-03:00,11.8975,19.994724025974026,8.192774469083115,23.64797684068492
2024-12-08 00:00:00-03:00,11.51125,14.947791666666665,7.799288326270248,20.895849023538226
2024-12-09 00:00:00-03:00,12.22125,11.341002278216953,6.665261931966133,16.841525779903925
2024-12-10 00:00:00-03:00,7.4941666666666675,8.63171633805037,3.7821642340272748,16.607409810537945
2024-12-11 00:00:00-03:00,8.192916666666667,8.63171633805037,4.057815901559341,16.417839020688497
2024-12-12 00:00:00-03:00,19.464583333333334,12.775823412698415,10.087893816232043,23.66447973894944
2024-12-13 00:00:00-03:00,21.339166666666667,14.947791666666665,12.125096411990135,25.18996214928957
2024-12-14 00:00:00-03:00,22.775,19.994724025974026,15.675603157658777,27.909531769290815
2024-12-15 00:00:00-03:00,10.527083333333334,13.993304924242427,6.807936163808525,20.022889077789145
2024-12-16 00:00:00-03:00,7.503888888888889,9.65712962962963,3.8004430258101767,17.185120244482434
2024-12-17 00:00:00-03:00,16.677083333333332,11.341002278216953,9.037545970255042,20.524896864585124
2024-12-18 00:00:00-03:00,13.299166666666666,11.341002278216953,6.790157479840054,17.150579881598297
2024-12-19 00:00:00-03:00,18.53090909090909,13.993304924242427,11.691741390735437,22.387390047755595
2024-12-20 00:00:00-03:00,11.011666666666663,11.341002278216953,6.115114622858848,16.41173503430374
2024-12-21 00:00:00-03:00,31.70625,20.59169642857143,18.917356763899623,35.562430199430466
2024-12-22 00:00:00-03:00,13.27875,14.947791666666665,9.57463451095268,21.594466217582223
2024-12-23 00:00:00-03:00,10.457916666666668,13.993304924242427,6.746811380508334,21.571182801921587
2024-12-24 00:00:00-03:00,17.799166666666668,13.430555555555557,10.7752718363347,21.650394401443663
2024-12-25 00:00:00-03:00,21.146666666666665,14.947791666666665,12.171715881199038,25.15907974853389
2024-12-26 00:00:00-03:00,9.741666666666667,13.430555555555557,6.037619569815562,16.495000028361332
2024-12-27 00:00:00-03:00,16.464583333333334,13.993304924242427,11.262966063431907,20.327446035352096
2024-12-28 00:00:00-03:00,15.8,12.775823412698415,9.253923605222052,19.65170737229366
2024-12-29 00:00:00-03:00,10.477916666666667,11.341002278216953,5.745884716314019,16.431271388592812
2024-12-30 00:00:00-03:00,7.344166666666666,7.800625,3.660265790573484,19.10541816132956
2024-12-31 00:00:00-03:00,11.58625,7.800625,4.426798890534035,18.330517692894887
